,PTID,VISIT,Tube Name,name,Population,Parent,Min_Time,Max_Time,Count,ParentCount,proportion,count_diva,proportion_diva,count_diff,correlation
0,PubID_117,V10,10_01,PubID_117_V10_01_008.fcs,Lymphocytes,root,51.4000015258789,150168.296875,840227,961461,0.873906481906182,840584,87.4,357,1
1,PubID_117,V10,10_01,PubID_117_V10_01_008.fcs,Singlets,Lymphocytes,51.4000015258789,150168.296875,839798,840227,0.999489423691455,840137,99.9,339,1
2,PubID_117,V10,10_01,PubID_117_V10_01_008.fcs,Live|Dump-,Singlets,51.4000015258789,150168.296875,817259,839798,0.973161403099317,818369,97.4,1110,1
3,PubID_117,V10,10_01,PubID_117_V10_01_008.fcs,CD19+CD20+,Live|Dump-,51.4000015258789,150168.296875,723477,817259,0.885248128194367,725003,88.6,1526,1
4,PubID_117,V10,10_01,PubID_117_V10_01_008.fcs,IgD-IgG+,CD19+CD20+,51.4000015258789,150168.296875,121010,723477,0.167261709771009,121255,16.7,245,1
5,PubID_117,V10,10_01,PubID_117_V10_01_008.fcs,eODKO11-,IgD-IgG+,51.4000015258789,150168.296875,117177,121010,0.968324931823816,117332,96.8,155,1
6,PubID_117,V10,10_01,PubID_117_V10_01_008.fcs,eODGT8Double+,eODKO11-,51.4000015258789,150168.296875,498,117177,0.0042499807982795,519,0.4,21,1
7,PubID_117,V10,10_01,PubID_117_V10_01_008.fcs,GT8++noKO,IgD-IgG+,51.4000015258789,150168.296875,3679,121010,0.0304024460788365,3797,3.1,118,1
8,PubID_117,V10,10_01,PubID_117_V10_01_008.fcs,GT8++KO-,GT8++noKO,51.4000015258789,150168.296875,489,3679,0.132916553411253,507,13.4,18,1
