,PTID,VISIT,Tube Name,name,Population,Parent,Min_Time,Max_Time,Count,ParentCount,proportion,count_diva,proportion_diva,count_diff,correlation
0,PubID_100,V07,07_01,PubID_100_V07_01_006.fcs,Lymphocytes,root,51.9000015258789,117614.796875,2022090,2858284,0.70744894489141,1649193,70.9,372897,1
1,PubID_100,V07,07_01,PubID_100_V07_01_006.fcs,Singlets,Lymphocytes,51.9000015258789,117614.796875,2006469,2022090,0.992274824562705,1637674,99.3,368795,1
2,PubID_100,V07,07_01,PubID_100_V07_01_006.fcs,Live|Dump-,Singlets,51.9000015258789,117614.796875,1912421,2006469,0.9531276087495,1563964,95.5,348457,1
3,PubID_100,V07,07_01,PubID_100_V07_01_006.fcs,CD19+CD20+,Live|Dump-,51.9000015258789,117614.796875,1773628,1912421,0.927425498883353,1455340,93.1,318288,1
4,PubID_100,V07,07_01,PubID_100_V07_01_006.fcs,IgD-IgG+,CD19+CD20+,51.9000015258789,117614.796875,215292,1773628,0.121385093153694,176357,12.1,38935,1
5,PubID_100,V07,07_01,PubID_100_V07_01_006.fcs,eODKO11-,IgD-IgG+,51.9000015258789,117614.796875,212696,215292,0.987941957899039,174294,98.8,38402,1
6,PubID_100,V07,07_01,PubID_100_V07_01_006.fcs,eODGT8Double+,eODKO11-,51.9000015258789,117614.796875,265,212696,0.0012459096550946,214,0.1,51,1
7,PubID_100,V07,07_01,PubID_100_V07_01_006.fcs,GT8++noKO,IgD-IgG+,51.9000015258789,117614.796875,621,215292,0.0028844546011928,513,0.3,108,1
8,PubID_100,V07,07_01,PubID_100_V07_01_006.fcs,GT8++KO-,GT8++noKO,51.9000015258789,117614.796875,266,621,0.428341384863124,215,41.9,51,1
