,PTID,VISIT,Tube Name,name,Population,Parent,Min_Time,Max_Time,Count,ParentCount,proportion,count_diva,proportion_diva,count_diff,correlation
0,PubID_180,V07,07_01,PubID_180_V07_01_006.fcs,Lymphocytes,root,61.7999992370605,101159.1015625,4395481,5007122,0.87784579644754,2040642,87.8,2354839,0.744776393792594
1,PubID_180,V07,07_01,PubID_180_V07_01_006.fcs,Singlets,Lymphocytes,61.7999992370605,101159.1015625,4360510,4395481,0.992043874151657,2024228,99.2,2336282,0.744776393792594
2,PubID_180,V07,07_01,PubID_180_V07_01_006.fcs,Live|Dump-,Singlets,61.7999992370605,101159.1015625,4146102,4360510,0.950829604793935,1925922,95.1,2220180,0.744776393792594
3,PubID_180,V07,07_01,PubID_180_V07_01_006.fcs,CD19+CD20+,Live|Dump-,61.7999992370605,101159.1015625,3799864,4146102,0.916490718269835,1765817,91.7,2034047,0.744776393792594
4,PubID_180,V07,07_01,PubID_180_V07_01_006.fcs,IgD-IgG+,CD19+CD20+,61.7999992370605,101159.1015625,268830,3799864,0.070747268849622,124927,7.1,143903,0.744776393792594
5,PubID_180,V07,07_01,PubID_180_V07_01_006.fcs,eODKO11-,IgD-IgG+,61.7999992370605,101159.1015625,241200,268830,0.897221292266488,112483,90.0,128717,0.744776393792594
6,PubID_180,V07,07_01,PubID_180_V07_01_006.fcs,eODGT8Double+,eODKO11-,61.7999992370605,101159.1015625,1,241200,4.14593698175788e-06,1,0.0,0,0.744776393792594
7,PubID_180,V07,07_01,PubID_180_V07_01_006.fcs,GT8++noKO,IgD-IgG+,61.7999992370605,101159.1015625,2,268830,7.43964587285645e-06,1,0.0,1,0.744776393792594
8,PubID_180,V07,07_01,PubID_180_V07_01_006.fcs,GT8++KO-,GT8++noKO,61.7999992370605,101159.1015625,1,2,0.5,1,100.0,0,0.744776393792594
