,PTID,VISIT,Tube Name,name,Population,Parent,Min_Time,Max_Time,Count,ParentCount,proportion,count_diva,proportion_diva,count_diff,correlation
0,PubID_114,V07,07_01,PubID_114_V07_01_006.fcs,Lymphocytes,root,89.1999969482422,121645,3461850,5275297,0.656237933143859,1473618,65.5,1988232,1
1,PubID_114,V07,07_01,PubID_114_V07_01_006.fcs,Singlets,Lymphocytes,89.1999969482422,121645,3437539,3461850,0.99297745425134,1463622,99.3,1973917,1
2,PubID_114,V07,07_01,PubID_114_V07_01_006.fcs,Live|Dump-,Singlets,89.1999969482422,121645,3319332,3437539,0.965612899228198,1427112,97.5,1892220,1
3,PubID_114,V07,07_01,PubID_114_V07_01_006.fcs,CD19+CD20+,Live|Dump-,89.1999969482422,121645,3117525,3319332,0.939202526291435,1327141,93.0,1790384,1
4,PubID_114,V07,07_01,PubID_114_V07_01_006.fcs,IgD-IgG+,CD19+CD20+,89.1999969482422,121645,90727,3117525,0.029102252588191,39021,2.9,51706,1
5,PubID_114,V07,07_01,PubID_114_V07_01_006.fcs,eODKO11-,IgD-IgG+,89.1999969482422,121645,88657,90727,0.977184300153207,38586,98.9,50071,1
6,PubID_114,V07,07_01,PubID_114_V07_01_006.fcs,eODGT8Double+,eODKO11-,89.1999969482422,121645,20,88657,0.0002255885040098,19,0.0,1,1
7,PubID_114,V07,07_01,PubID_114_V07_01_006.fcs,GT8++noKO,IgD-IgG+,89.1999969482422,121645,101,90727,0.0011132297992879,57,0.1,44,1
8,PubID_114,V07,07_01,PubID_114_V07_01_006.fcs,GT8++KO-,GT8++noKO,89.1999969482422,121645,20,101,0.198019801980198,19,33.3,1,1
