,PTID,VISIT,Tube Name,name,Population,Parent,Min_Time,Max_Time,Count,ParentCount,proportion,count_diva,proportion_diva,count_diff,correlation
0,PubID_047,V08,08_01,PubID_047_V08_01_007.fcs,Lymphocytes,root,61.4000015258789,187467.703125,3641840,4022144,0.905447442955797,2102885,90.4,1538955,1
1,PubID_047,V08,08_01,PubID_047_V08_01_007.fcs,Singlets,Lymphocytes,61.4000015258789,187467.703125,3613651,3641840,0.99225968191903,2086436,99.2,1527215,1
2,PubID_047,V08,08_01,PubID_047_V08_01_007.fcs,Live|Dump-,Singlets,61.4000015258789,187467.703125,3566214,3613651,0.986872833043368,2061575,98.8,1504639,1
3,PubID_047,V08,08_01,PubID_047_V08_01_007.fcs,CD19+CD20+,Live|Dump-,61.4000015258789,187467.703125,2914443,3566214,0.817237271795804,1694491,82.2,1219952,1
4,PubID_047,V08,08_01,PubID_047_V08_01_007.fcs,IgD-IgG+,CD19+CD20+,61.4000015258789,187467.703125,192182,2914443,0.0659412450337852,112687,6.7,79495,1
5,PubID_047,V08,08_01,PubID_047_V08_01_007.fcs,eODKO11-,IgD-IgG+,61.4000015258789,187467.703125,184543,192182,0.960251220197521,107885,95.7,76658,1
6,PubID_047,V08,08_01,PubID_047_V08_01_007.fcs,eODGT8Double+,eODKO11-,61.4000015258789,187467.703125,591,184543,0.0032025056490899,376,0.3,215,1
7,PubID_047,V08,08_01,PubID_047_V08_01_007.fcs,GT8++noKO,IgD-IgG+,61.4000015258789,187467.703125,5623,192182,0.0292587235016807,3568,3.2,2055,1
8,PubID_047,V08,08_01,PubID_047_V08_01_007.fcs,GT8++KO-,GT8++noKO,61.4000015258789,187467.703125,580,5623,0.103147785879424,372,10.4,208,1
