,PTID,VISIT,Tube Name,name,Population,Parent,Min_Time,Max_Time,Count,ParentCount,proportion,count_diva,proportion_diva,count_diff,correlation
0,PubID_014,V10,10_01,PubID_014_V10_01_008.fcs,Lymphocytes,root,52.2000007629395,211567,3436808,4541851,0.756697654766746,1669512,74.2,1767296,1
1,PubID_014,V10,10_01,PubID_014_V10_01_008.fcs,Singlets,Lymphocytes,52.2000007629395,211567,3428421,3436808,0.997559654190749,1665497,99.8,1762924,1
2,PubID_014,V10,10_01,PubID_014_V10_01_008.fcs,Live|Dump-,Singlets,52.2000007629395,211567,3219223,3428421,0.938981239468548,1563661,93.9,1655562,1
3,PubID_014,V10,10_01,PubID_014_V10_01_008.fcs,CD19+CD20+,Live|Dump-,52.2000007629395,211567,2917826,3219223,0.906375855291789,1408102,90.1,1509724,1
4,PubID_014,V10,10_01,PubID_014_V10_01_008.fcs,IgD-IgG+,CD19+CD20+,52.2000007629395,211567,504711,2917826,0.172975016330652,247233,17.6,257478,1
5,PubID_014,V10,10_01,PubID_014_V10_01_008.fcs,eODKO11-,IgD-IgG+,52.2000007629395,211567,495414,504711,0.981579557410082,242779,98.2,252635,1
6,PubID_014,V10,10_01,PubID_014_V10_01_008.fcs,eODGT8Double+,eODKO11-,52.2000007629395,211567,252,495414,0.0005086654797805,124,0.1,128,1
7,PubID_014,V10,10_01,PubID_014_V10_01_008.fcs,GT8++noKO,IgD-IgG+,52.2000007629395,211567,1039,504711,0.0020586038346697,519,0.2,520,1
8,PubID_014,V10,10_01,PubID_014_V10_01_008.fcs,GT8++KO-,GT8++noKO,52.2000007629395,211567,253,1039,0.243503368623677,125,24.1,128,1
