,PTID,VISIT,Tube Name,name,Population,Parent,Min_Time,Max_Time,Count,ParentCount,proportion,count_diva,proportion_diva,count_diff,correlation
0,PubID_151,V07A,07A_01,PubID_151_V07A_01_001.fcs,Lymphocytes,root,57,176235.90625,3005208,4603253,0.652844412418783,1878413,65.3,1126795,0.99582461641931
1,PubID_151,V07A,07A_01,PubID_151_V07A_01_001.fcs,Singlets,Lymphocytes,57,176235.90625,2981621,3005208,0.992151292023714,1862706,99.2,1118915,0.99582461641931
2,PubID_151,V07A,07A_01,PubID_151_V07A_01_001.fcs,Live|Dump-,Singlets,57,176235.90625,588798,2981621,0.197475802591946,369598,19.8,219200,0.99582461641931
3,PubID_151,V07A,07A_01,PubID_151_V07A_01_001.fcs,CD19+CD20+,Live|Dump-,57,176235.90625,308775,588798,0.524415843803817,190037,51.4,118738,0.99582461641931
4,PubID_151,V07A,07A_01,PubID_151_V07A_01_001.fcs,CD27hiCD38hi,CD19+CD20+,57,176235.90625,1193,308775,0.0038636547647963,842,0.4,351,0.99582461641931
5,PubID_151,V07A,07A_01,PubID_151_V07A_01_001.fcs,IgD-,CD27hiCD38hi,57,176235.90625,1166,1193,0.977367979882649,830,98.6,336,0.99582461641931
6,PubID_151,V07A,07A_01,PubID_151_V07A_01_001.fcs,eODKO11-,IgD-,57,176235.90625,1153,1166,0.98885077186964,823,99.2,330,0.99582461641931
7,PubID_151,V07A,07A_01,PubID_151_V07A_01_001.fcs,eODGT8Double+,eODKO11-,57,176235.90625,72,1153,0.0624457935819601,62,7.5,10,0.99582461641931
8,PubID_151,V07A,07A_01,PubID_151_V07A_01_001.fcs,GT8++noKO,IgD-,57,176235.90625,79,1166,0.0677530017152659,66,8.0,13,0.99582461641931
