,PTID,VISIT,Tube Name,name,Population,Parent,Min_Time,Max_Time,Count,ParentCount,proportion,count_diva,proportion_diva,count_diff,correlation
0,PubID_117,V08,08_01,PubID_117_V08_01_007.fcs,Lymphocytes,root,61.5,92981.3984375,945616,1043108,0.906537002879855,945944,90.7,328,1
1,PubID_117,V08,08_01,PubID_117_V08_01_007.fcs,Singlets,Lymphocytes,61.5,92981.3984375,944673,945616,0.999002766450652,944989,99.9,316,1
2,PubID_117,V08,08_01,PubID_117_V08_01_007.fcs,Live|Dump-,Singlets,61.5,92981.3984375,928206,944673,0.982568571346911,928966,98.3,760,1
3,PubID_117,V08,08_01,PubID_117_V08_01_007.fcs,CD19+CD20+,Live|Dump-,61.5,92981.3984375,597760,928206,0.643994975253338,601872,64.8,4112,1
4,PubID_117,V08,08_01,PubID_117_V08_01_007.fcs,IgD-IgG+,CD19+CD20+,61.5,92981.3984375,152665,597760,0.255395141862955,153123,25.4,458,1
5,PubID_117,V08,08_01,PubID_117_V08_01_007.fcs,eODKO11-,IgD-IgG+,61.5,92981.3984375,138912,152665,0.909913863688468,139087,90.8,175,1
6,PubID_117,V08,08_01,PubID_117_V08_01_007.fcs,eODGT8Double+,eODKO11-,61.5,92981.3984375,1482,138912,0.0106686247408431,1531,1.1,49,1
7,PubID_117,V08,08_01,PubID_117_V08_01_007.fcs,GT8++noKO,IgD-IgG+,61.5,92981.3984375,13932,152665,0.0912586381947401,14289,9.3,357,1
8,PubID_117,V08,08_01,PubID_117_V08_01_007.fcs,GT8++KO-,GT8++noKO,61.5,92981.3984375,1433,13932,0.102856732701694,1481,10.4,48,1
