,PTID,VISIT,Tube Name,name,Population,Parent,Min_Time,Max_Time,Count,ParentCount,proportion,count_diva,proportion_diva,count_diff,correlation
0,PubID_154,V02,02_01,PubID_154_V02_01_004.fcs,Lymphocytes,root,53.5999984741211,144415.40625,7565612,8853079,0.854574097892948,1924031,85.5,5641581,0.99582461641931
1,PubID_154,V02,02_01,PubID_154_V02_01_004.fcs,Singlets,Lymphocytes,53.5999984741211,144415.40625,7527513,7565612,0.994964187959943,1914294,99.5,5613219,0.99582461641931
2,PubID_154,V02,02_01,PubID_154_V02_01_004.fcs,Live|Dump-,Singlets,53.5999984741211,144415.40625,7361899,7527513,0.977998842379947,1872736,97.8,5489163,0.99582461641931
3,PubID_154,V02,02_01,PubID_154_V02_01_004.fcs,CD19+CD20+,Live|Dump-,53.5999984741211,144415.40625,6826229,7361899,0.927237523905177,1735932,92.7,5090297,0.99582461641931
4,PubID_154,V02,02_01,PubID_154_V02_01_004.fcs,IgD-IgG+,CD19+CD20+,53.5999984741211,144415.40625,876575,6826229,0.128412773729097,227206,13.1,649369,0.99582461641931
5,PubID_154,V02,02_01,PubID_154_V02_01_004.fcs,eODKO11-,IgD-IgG+,53.5999984741211,144415.40625,797000,876575,0.909220545874569,206720,91.0,590280,0.99582461641931
6,PubID_154,V02,02_01,PubID_154_V02_01_004.fcs,eODGT8Double+,eODKO11-,53.5999984741211,144415.40625,5,797000,6.27352572145546e-06,3,0.0,2,0.99582461641931
7,PubID_154,V02,02_01,PubID_154_V02_01_004.fcs,GT8++noKO,IgD-IgG+,53.5999984741211,144415.40625,6,876575,6.84482217722385e-06,3,0.0,3,0.99582461641931
8,PubID_154,V02,02_01,PubID_154_V02_01_004.fcs,GT8++KO-,GT8++noKO,53.5999984741211,144415.40625,6,6,1.0,3,100.0,3,0.99582461641931
