,PTID,VISIT,Tube Name,name,Population,Parent,Min_Time,Max_Time,Count,ParentCount,proportion,count_diva,proportion_diva,count_diff,correlation
0,PubID_163,V08,08_01,PubID_163_V08_01_007.fcs,Lymphocytes,root,60.2000007629395,149587,1329703,1601884,0.830086947619178,1330275,83.0,572,1
1,PubID_163,V08,08_01,PubID_163_V08_01_007.fcs,Singlets,Lymphocytes,60.2000007629395,149587,1326093,1329703,0.997285108027883,1326657,99.7,564,1
2,PubID_163,V08,08_01,PubID_163_V08_01_007.fcs,Live|Dump-,Singlets,60.2000007629395,149587,1288774,1326093,0.971857931532705,1290393,97.3,1619,1
3,PubID_163,V08,08_01,PubID_163_V08_01_007.fcs,CD19+CD20+,Live|Dump-,60.2000007629395,149587,871453,1288774,0.67618760155,877036,68.0,5583,1
4,PubID_163,V08,08_01,PubID_163_V08_01_007.fcs,IgD-IgG+,CD19+CD20+,60.2000007629395,149587,230166,871453,0.264117514082802,230535,26.3,369,1
5,PubID_163,V08,08_01,PubID_163_V08_01_007.fcs,eODKO11-,IgD-IgG+,60.2000007629395,149587,226152,230166,0.982560412919371,226494,98.2,342,1
6,PubID_163,V08,08_01,PubID_163_V08_01_007.fcs,eODGT8Double+,eODKO11-,60.2000007629395,149587,492,226152,0.0021755279634935,497,0.2,5,1
7,PubID_163,V08,08_01,PubID_163_V08_01_007.fcs,GT8++noKO,IgD-IgG+,60.2000007629395,149587,3012,230166,0.0130862073460024,3054,1.3,42,1
8,PubID_163,V08,08_01,PubID_163_V08_01_007.fcs,GT8++KO-,GT8++noKO,60.2000007629395,149587,493,3012,0.163678618857902,497,16.3,4,1
