,PTID,VISIT,Tube Name,name,Population,Parent,Min_Time,Max_Time,Count,ParentCount,proportion,count_diva,proportion_diva,count_diff,correlation
0,PubID_092,V06,06_01,PubID_092_V06_01_005.fcs,Lymphocytes,root,51.2999992370605,118827,1737819,2073964,0.837921487547518,1739111,83.9,1292,0.99582461641931
1,PubID_092,V06,06_01,PubID_092_V06_01_005.fcs,Singlets,Lymphocytes,51.2999992370605,118827,1729514,1737819,0.99522102129163,1730506,99.5,992,0.99582461641931
2,PubID_092,V06,06_01,PubID_092_V06_01_005.fcs,Live|Dump-,Singlets,51.2999992370605,118827,1660661,1729514,0.960189394246014,1664864,96.2,4203,0.99582461641931
3,PubID_092,V06,06_01,PubID_092_V06_01_005.fcs,CD19+CD20+,Live|Dump-,51.2999992370605,118827,748572,1660661,0.450767495593622,754132,45.3,5560,0.99582461641931
4,PubID_092,V06,06_01,PubID_092_V06_01_005.fcs,IgD-IgG+,CD19+CD20+,51.2999992370605,118827,275234,748572,0.367678726962804,276456,36.7,1222,0.99582461641931
5,PubID_092,V06,06_01,PubID_092_V06_01_005.fcs,eODKO11-,IgD-IgG+,51.2999992370605,118827,270694,275234,0.983504944883263,272422,98.5,1728,0.99582461641931
6,PubID_092,V06,06_01,PubID_092_V06_01_005.fcs,eODGT8Double+,eODKO11-,51.2999992370605,118827,145,270694,0.000535660191951,154,0.1,9,0.99582461641931
7,PubID_092,V06,06_01,PubID_092_V06_01_005.fcs,GT8++noKO,IgD-IgG+,51.2999992370605,118827,246,275234,0.0008937849248276,257,0.1,11,0.99582461641931
8,PubID_092,V06,06_01,PubID_092_V06_01_005.fcs,GT8++KO-,GT8++noKO,51.2999992370605,118827,146,246,0.59349593495935,156,60.7,10,0.99582461641931
