,PTID,VISIT,Tube Name,name,Population,Parent,Min_Time,Max_Time,Count,ParentCount,proportion,count_diva,proportion_diva,count_diff,correlation
0,PubID_180,V06,06_01,PubID_180_V06_01_005.fcs,Lymphocytes,root,51.5999984741211,88185.1015625,4749835,5236755,0.90701875493507,2110137,90.8,2639698,0.99582461641931
1,PubID_180,V06,06_01,PubID_180_V06_01_005.fcs,Singlets,Lymphocytes,51.5999984741211,88185.1015625,4703414,4749835,0.990226818405271,2088523,99.0,2614891,0.99582461641931
2,PubID_180,V06,06_01,PubID_180_V06_01_005.fcs,Live|Dump-,Singlets,51.5999984741211,88185.1015625,4552827,4703414,0.967983469029092,2023346,96.9,2529481,0.99582461641931
3,PubID_180,V06,06_01,PubID_180_V06_01_005.fcs,CD19+CD20+,Live|Dump-,51.5999984741211,88185.1015625,4244823,4552827,0.932348846112536,1888649,93.3,2356174,0.99582461641931
4,PubID_180,V06,06_01,PubID_180_V06_01_005.fcs,IgD-IgG+,CD19+CD20+,51.5999984741211,88185.1015625,327935,4244823,0.0772552824935221,146931,7.8,181004,0.99582461641931
5,PubID_180,V06,06_01,PubID_180_V06_01_005.fcs,eODKO11-,IgD-IgG+,51.5999984741211,88185.1015625,292633,327935,0.892350618262766,131969,89.8,160664,0.99582461641931
6,PubID_180,V06,06_01,PubID_180_V06_01_005.fcs,eODGT8Double+,eODKO11-,51.5999984741211,88185.1015625,6,292633,2.05034975549579e-05,3,0.0,3,0.99582461641931
7,PubID_180,V06,06_01,PubID_180_V06_01_005.fcs,GT8++noKO,IgD-IgG+,51.5999984741211,88185.1015625,7,327935,2.13456935063351e-05,4,0.0,3,0.99582461641931
8,PubID_180,V06,06_01,PubID_180_V06_01_005.fcs,GT8++KO-,GT8++noKO,51.5999984741211,88185.1015625,6,7,0.857142857142857,3,75.0,3,0.99582461641931
