,PTID,VISIT,Tube Name,name,Population,Parent,Min_Time,Max_Time,Count,ParentCount,proportion,count_diva,proportion_diva,count_diff,correlation
0,PubID_154,V06,06_01,PubID_154_V06_01_005.fcs,Lymphocytes,root,51.4000015258789,136948.703125,2007733,2301278,0.872442616667782,1963255,87.3,44478,0.99582461641931
1,PubID_154,V06,06_01,PubID_154_V06_01_005.fcs,Singlets,Lymphocytes,51.4000015258789,136948.703125,2000731,2007733,0.996512484478763,1956272,99.6,44459,0.99582461641931
2,PubID_154,V06,06_01,PubID_154_V06_01_005.fcs,Live|Dump-,Singlets,51.4000015258789,136948.703125,1958090,2000731,0.97868728979558,1915445,97.9,42645,0.99582461641931
3,PubID_154,V06,06_01,PubID_154_V06_01_005.fcs,CD19+CD20+,Live|Dump-,51.4000015258789,136948.703125,1899129,1958090,0.969888513806822,1856920,96.9,42209,0.99582461641931
4,PubID_154,V06,06_01,PubID_154_V06_01_005.fcs,IgD-IgG+,CD19+CD20+,51.4000015258789,136948.703125,214704,1899129,0.11305393156547,210093,11.3,4611,0.99582461641931
5,PubID_154,V06,06_01,PubID_154_V06_01_005.fcs,eODKO11-,IgD-IgG+,51.4000015258789,136948.703125,193679,214704,0.902074483940681,190034,90.5,3645,0.99582461641931
6,PubID_154,V06,06_01,PubID_154_V06_01_005.fcs,eODGT8Double+,eODKO11-,51.4000015258789,136948.703125,102,193679,0.0005266446026673,98,0.1,4,0.99582461641931
7,PubID_154,V06,06_01,PubID_154_V06_01_005.fcs,GT8++noKO,IgD-IgG+,51.4000015258789,136948.703125,192,214704,0.0008942544153811,184,0.1,8,0.99582461641931
8,PubID_154,V06,06_01,PubID_154_V06_01_005.fcs,GT8++KO-,GT8++noKO,51.4000015258789,136948.703125,102,192,0.53125,97,52.7,5,0.99582461641931
