,PTID,VISIT,Tube Name,name,Population,Parent,Min_Time,Max_Time,Count,ParentCount,proportion,count_diva,proportion_diva,count_diff,correlation
0,PubID_077,V06,06_01,PubID_077_V06_01_005.fcs,Lymphocytes,root,41.7999992370605,224977,3565175,4111424,0.86713873344126,2021124,86.9,1544051,1
1,PubID_077,V06,06_01,PubID_077_V06_01_005.fcs,Singlets,Lymphocytes,41.7999992370605,224977,3486751,3565175,0.978002762837729,1976086,97.8,1510665,1
2,PubID_077,V06,06_01,PubID_077_V06_01_005.fcs,Live|Dump-,Singlets,41.7999992370605,224977,3461046,3486751,0.992627807377126,1962557,99.3,1498489,1
3,PubID_077,V06,06_01,PubID_077_V06_01_005.fcs,CD19+CD20+,Live|Dump-,41.7999992370605,224977,1988637,3461046,0.574576876470293,1144556,58.3,844081,1
4,PubID_077,V06,06_01,PubID_077_V06_01_005.fcs,IgD-IgG+,CD19+CD20+,41.7999992370605,224977,450273,1988637,0.226422921830379,254490,22.2,195783,1
5,PubID_077,V06,06_01,PubID_077_V06_01_005.fcs,eODKO11-,IgD-IgG+,41.7999992370605,224977,449441,450273,0.99815223209031,254026,99.8,195415,1
6,PubID_077,V06,06_01,PubID_077_V06_01_005.fcs,eODGT8Double+,eODKO11-,41.7999992370605,224977,210,449441,0.0004672470913868,125,0.0,85,1
7,PubID_077,V06,06_01,PubID_077_V06_01_005.fcs,GT8++noKO,IgD-IgG+,41.7999992370605,224977,369,450273,0.0008195028349467,221,0.1,148,1
8,PubID_077,V06,06_01,PubID_077_V06_01_005.fcs,GT8++KO-,GT8++noKO,41.7999992370605,224977,203,369,0.550135501355014,124,56.1,79,1
