,PTID,VISIT,Tube Name,name,Population,Parent,Min_Time,Max_Time,Count,ParentCount,proportion,count_diva,proportion_diva,count_diff,correlation
0,PubID_100,V06,06_01,PubID_100_V06_01_005.fcs,Lymphocytes,root,50.5,173835.796875,2309097,3166284,0.729276653641935,1685925,72.5,623172,1
1,PubID_100,V06,06_01,PubID_100_V06_01_005.fcs,Singlets,Lymphocytes,50.5,173835.796875,2298572,2309097,0.995441941157084,1678036,99.5,620536,1
2,PubID_100,V06,06_01,PubID_100_V06_01_005.fcs,Live|Dump-,Singlets,50.5,173835.796875,2203409,2298572,0.958599078036276,1610648,96.0,592761,1
3,PubID_100,V06,06_01,PubID_100_V06_01_005.fcs,CD19+CD20+,Live|Dump-,50.5,173835.796875,2063711,2203409,0.936599151587381,1510371,93.8,553340,1
4,PubID_100,V06,06_01,PubID_100_V06_01_005.fcs,IgD-IgG+,CD19+CD20+,50.5,173835.796875,246314,2063711,0.119354890292294,180686,12.0,65628,1
5,PubID_100,V06,06_01,PubID_100_V06_01_005.fcs,eODKO11-,IgD-IgG+,50.5,173835.796875,243308,246314,0.987796065185089,178492,98.8,64816,1
6,PubID_100,V06,06_01,PubID_100_V06_01_005.fcs,eODGT8Double+,eODKO11-,50.5,173835.796875,337,243308,0.0013850757065119,267,0.1,70,1
7,PubID_100,V06,06_01,PubID_100_V06_01_005.fcs,GT8++noKO,IgD-IgG+,50.5,173835.796875,679,246314,0.0027566439585244,538,0.3,141,1
8,PubID_100,V06,06_01,PubID_100_V06_01_005.fcs,GT8++KO-,GT8++noKO,50.5,173835.796875,342,679,0.503681885125184,273,50.7,69,1
