,PTID,VISIT,Tube Name,name,Population,Parent,Min_Time,Max_Time,Count,ParentCount,proportion,count_diva,proportion_diva,count_diff,correlation
0,PubID_079,V06,06_01,PubID_079_V06_01_005.fcs,Lymphocytes,root,31.1000003814697,201240.703125,2568049,2824428,0.909227992358099,2045572,90.9,522477,1
1,PubID_079,V06,06_01,PubID_079_V06_01_005.fcs,Singlets,Lymphocytes,31.1000003814697,201240.703125,2565516,2568049,0.999013648104067,2043442,99.9,522074,1
2,PubID_079,V06,06_01,PubID_079_V06_01_005.fcs,Live|Dump-,Singlets,31.1000003814697,201240.703125,2505223,2565516,0.976498684864955,1997632,97.8,507591,1
3,PubID_079,V06,06_01,PubID_079_V06_01_005.fcs,CD19+CD20+,Live|Dump-,31.1000003814697,201240.703125,2428376,2505223,0.969325285613297,1934844,96.9,493532,1
4,PubID_079,V06,06_01,PubID_079_V06_01_005.fcs,IgD-IgG+,CD19+CD20+,31.1000003814697,201240.703125,357171,2428376,0.147082247559686,285936,14.8,71235,1
5,PubID_079,V06,06_01,PubID_079_V06_01_005.fcs,eODKO11-,IgD-IgG+,31.1000003814697,201240.703125,354835,357171,0.993459715374428,282677,98.9,72158,1
6,PubID_079,V06,06_01,PubID_079_V06_01_005.fcs,eODGT8Double+,eODKO11-,31.1000003814697,201240.703125,120,354835,0.0003381853537559,104,0.0,16,1
7,PubID_079,V06,06_01,PubID_079_V06_01_005.fcs,GT8++noKO,IgD-IgG+,31.1000003814697,201240.703125,353,357171,0.0009883221202169,291,0.1,62,1
8,PubID_079,V06,06_01,PubID_079_V06_01_005.fcs,GT8++KO-,GT8++noKO,31.1000003814697,201240.703125,127,353,0.359773371104816,106,36.4,21,1
