,PTID,VISIT,Tube Name,name,Population,Parent,Min_Time,Max_Time,Count,ParentCount,proportion,count_diva,proportion_diva,count_diff,correlation
0,PubID_185,V06,06_01,PubID_185_V06_01_005.fcs,Lymphocytes,root,53.4000015258789,180811.703125,1971883,3280788,0.601039445401532,1395687,60.0,576196,0.99582461641931
1,PubID_185,V06,06_01,PubID_185_V06_01_005.fcs,Singlets,Lymphocytes,53.4000015258789,180811.703125,1963905,1971883,0.995954121010222,1389974,99.6,573931,0.99582461641931
2,PubID_185,V06,06_01,PubID_185_V06_01_005.fcs,Live|Dump-,Singlets,53.4000015258789,180811.703125,1888791,1963905,0.961752732438687,1339234,96.3,549557,0.99582461641931
3,PubID_185,V06,06_01,PubID_185_V06_01_005.fcs,CD19+CD20+,Live|Dump-,53.4000015258789,180811.703125,1462975,1888791,0.774556316712648,1036566,77.4,426409,0.99582461641931
4,PubID_185,V06,06_01,PubID_185_V06_01_005.fcs,IgD-IgG+,CD19+CD20+,53.4000015258789,180811.703125,251434,1462975,0.171864864403014,177534,17.1,73900,0.99582461641931
5,PubID_185,V06,06_01,PubID_185_V06_01_005.fcs,eODKO11-,IgD-IgG+,53.4000015258789,180811.703125,250823,251434,0.997569938830866,177128,99.8,73695,0.99582461641931
6,PubID_185,V06,06_01,PubID_185_V06_01_005.fcs,eODGT8Double+,eODKO11-,53.4000015258789,180811.703125,4,250823,1.59475008272766e-05,1,0.0,3,0.99582461641931
7,PubID_185,V06,06_01,PubID_185_V06_01_005.fcs,GT8++noKO,IgD-IgG+,53.4000015258789,180811.703125,4,251434,1.59087474247715e-05,3,0.0,1,0.99582461641931
8,PubID_185,V06,06_01,PubID_185_V06_01_005.fcs,GT8++KO-,GT8++noKO,53.4000015258789,180811.703125,4,4,1.0,3,100.0,1,0.99582461641931
