,PTID,VISIT,Tube Name,name,Population,Parent,Min_Time,Max_Time,Count,ParentCount,proportion,count_diva,proportion_diva,count_diff,correlation
0,PubID_016,V07,07_01,PubID_016_V07_01_006.fcs,Lymphocytes,root,51.5999984741211,78511.1015625,2865050,3525832,0.812588347941706,1887196,81.2,977854,0.99582461641931
1,PubID_016,V07,07_01,PubID_016_V07_01_006.fcs,Singlets,Lymphocytes,51.5999984741211,78511.1015625,2836224,2865050,0.989938744524528,1867560,99.0,968664,0.99582461641931
2,PubID_016,V07,07_01,PubID_016_V07_01_006.fcs,Live|Dump-,Singlets,51.5999984741211,78511.1015625,2683418,2836224,0.946123437358967,1771386,94.9,912032,0.99582461641931
3,PubID_016,V07,07_01,PubID_016_V07_01_006.fcs,CD19+CD20+,Live|Dump-,51.5999984741211,78511.1015625,2289561,2683418,0.853225624930592,1516587,85.6,772974,0.99582461641931
4,PubID_016,V07,07_01,PubID_016_V07_01_006.fcs,IgD-IgG+,CD19+CD20+,51.5999984741211,78511.1015625,133193,2289561,0.0581740342362575,87295,5.8,45898,0.99582461641931
5,PubID_016,V07,07_01,PubID_016_V07_01_006.fcs,eODKO11-,IgD-IgG+,51.5999984741211,78511.1015625,129266,133193,0.970516468583184,84883,97.2,44383,0.99582461641931
6,PubID_016,V07,07_01,PubID_016_V07_01_006.fcs,eODGT8Double+,eODKO11-,51.5999984741211,78511.1015625,1,129266,7.7359862608884e-06,1,0.0,0,0.99582461641931
7,PubID_016,V07,07_01,PubID_016_V07_01_006.fcs,GT8++noKO,IgD-IgG+,51.5999984741211,78511.1015625,4,133193,3.00316082677018e-05,3,0.0,1,0.99582461641931
8,PubID_016,V07,07_01,PubID_016_V07_01_006.fcs,GT8++KO-,GT8++noKO,51.5999984741211,78511.1015625,1,4,0.25,1,33.3,0,0.99582461641931
