,PTID,VISIT,Tube Name,name,Population,Parent,Min_Time,Max_Time,Count,ParentCount,proportion,count_diva,proportion_diva,count_diff,correlation
0,PubID_112,V07,07_01,PubID_112_V07_01_006.fcs,Lymphocytes,root,30.7999992370605,121130.703125,2517759,3006861,0.837338007975759,1950412,83.9,567347,1
1,PubID_112,V07,07_01,PubID_112_V07_01_006.fcs,Singlets,Lymphocytes,30.7999992370605,121130.703125,2500002,2517759,0.992947299562825,1936390,99.3,563612,1
2,PubID_112,V07,07_01,PubID_112_V07_01_006.fcs,Live|Dump-,Singlets,30.7999992370605,121130.703125,2441899,2500002,0.976758818592945,1892445,97.7,549454,1
3,PubID_112,V07,07_01,PubID_112_V07_01_006.fcs,CD19+CD20+,Live|Dump-,30.7999992370605,121130.703125,1440107,2441899,0.589748797964207,1119585,59.2,320522,1
4,PubID_112,V07,07_01,PubID_112_V07_01_006.fcs,IgD-IgG+,CD19+CD20+,30.7999992370605,121130.703125,439105,1440107,0.304911371168948,340673,30.4,98432,1
5,PubID_112,V07,07_01,PubID_112_V07_01_006.fcs,eODKO11-,IgD-IgG+,30.7999992370605,121130.703125,434127,439105,0.988663303765614,337283,99.0,96844,1
6,PubID_112,V07,07_01,PubID_112_V07_01_006.fcs,eODGT8Double+,eODKO11-,30.7999992370605,121130.703125,202,434127,0.0004653016283253,163,0.0,39,1
7,PubID_112,V07,07_01,PubID_112_V07_01_006.fcs,GT8++noKO,IgD-IgG+,30.7999992370605,121130.703125,473,439105,0.0010771911046332,375,0.1,98,1
8,PubID_112,V07,07_01,PubID_112_V07_01_006.fcs,GT8++KO-,GT8++noKO,30.7999992370605,121130.703125,205,473,0.433403805496829,166,44.3,39,1
