,PTID,VISIT,Tube Name,name,Population,Parent,Min_Time,Max_Time,Count,ParentCount,proportion,count_diva,proportion_diva,count_diff,correlation
0,PubID_185,V10,10_01,PubID_185_V10_01_013.fcs,Lymphocytes,root,62,127071.5,2162655,4039868,0.535328134483602,1235054,53.1,927601,0.99582461641931
1,PubID_185,V10,10_01,PubID_185_V10_01_013.fcs,Singlets,Lymphocytes,62,127071.5,2148520,2162655,0.993464052287582,1226535,99.3,921985,0.99582461641931
2,PubID_185,V10,10_01,PubID_185_V10_01_013.fcs,Live|Dump-,Singlets,62,127071.5,1966245,2148520,0.915162530486102,1125871,91.8,840374,0.99582461641931
3,PubID_185,V10,10_01,PubID_185_V10_01_013.fcs,CD19+CD20+,Live|Dump-,62,127071.5,1430753,1966245,0.727657540133605,814480,72.3,616273,0.99582461641931
4,PubID_185,V10,10_01,PubID_185_V10_01_013.fcs,IgD-IgG+,CD19+CD20+,62,127071.5,251939,1430753,0.176088395411367,142856,17.5,109083,0.99582461641931
5,PubID_185,V10,10_01,PubID_185_V10_01_013.fcs,eODKO11-,IgD-IgG+,62,127071.5,251023,251939,0.996364199270458,142333,99.6,108690,0.99582461641931
6,PubID_185,V10,10_01,PubID_185_V10_01_013.fcs,eODGT8Double+,eODKO11-,62,127071.5,1,251023,3.98369870489955e-06,2,0.0,1,0.99582461641931
7,PubID_185,V10,10_01,PubID_185_V10_01_013.fcs,GT8++noKO,IgD-IgG+,62,127071.5,1,251939,3.969214770242e-06,2,0.0,1,0.99582461641931
8,PubID_185,V10,10_01,PubID_185_V10_01_013.fcs,GT8++KO-,GT8++noKO,62,127071.5,1,1,1.0,2,100.0,1,0.99582461641931
