,PTID,VISIT,Tube Name,name,Population,Parent,Min_Time,Max_Time,Count,ParentCount,proportion,count_diva,proportion_diva,count_diff,correlation
0,PubID_100,V10,10_01,PubID_100_V10_01_008.fcs,Lymphocytes,root,51.2000007629395,153120.703125,2464013,3634824,0.677890593877448,1564917,67.3,899096,1
1,PubID_100,V10,10_01,PubID_100_V10_01_008.fcs,Singlets,Lymphocytes,51.2000007629395,153120.703125,2448345,2464013,0.993641267314742,1554585,99.3,893760,1
2,PubID_100,V10,10_01,PubID_100_V10_01_008.fcs,Live|Dump-,Singlets,51.2000007629395,153120.703125,2290599,2448345,0.935570354668153,1456200,93.7,834399,1
3,PubID_100,V10,10_01,PubID_100_V10_01_008.fcs,CD19+CD20+,Live|Dump-,51.2000007629395,153120.703125,1901758,2290599,0.830244839886859,1214368,83.4,687390,1
4,PubID_100,V10,10_01,PubID_100_V10_01_008.fcs,IgD-IgG+,CD19+CD20+,51.2000007629395,153120.703125,212570,1901758,0.111775525592636,135571,11.2,76999,1
5,PubID_100,V10,10_01,PubID_100_V10_01_008.fcs,eODKO11-,IgD-IgG+,51.2000007629395,153120.703125,207057,212570,0.974065013877781,132028,97.4,75029,1
6,PubID_100,V10,10_01,PubID_100_V10_01_008.fcs,eODGT8Double+,eODKO11-,51.2000007629395,153120.703125,324,207057,0.001564786508063,231,0.2,93,1
7,PubID_100,V10,10_01,PubID_100_V10_01_008.fcs,GT8++noKO,IgD-IgG+,51.2000007629395,153120.703125,2479,212570,0.0116620407395211,1624,1.2,855,1
8,PubID_100,V10,10_01,PubID_100_V10_01_008.fcs,GT8++KO-,GT8++noKO,51.2000007629395,153120.703125,336,2479,0.135538523598225,238,14.7,98,1
