,PTID,VISIT,Tube Name,name,Population,Parent,Min_Time,Max_Time,Count,ParentCount,proportion,count_diva,proportion_diva,count_diff,correlation
0,PubID_116,V08,08_01,PubID_116_V08_01_007.fcs,Lymphocytes,root,51,111290.703125,663014,719869,0.921020352314102,663367,92.2,353,1
1,PubID_116,V08,08_01,PubID_116_V08_01_007.fcs,Singlets,Lymphocytes,51,111290.703125,659454,663014,0.994630580953042,659594,99.4,140,1
2,PubID_116,V08,08_01,PubID_116_V08_01_007.fcs,Live|Dump-,Singlets,51,111290.703125,651509,659454,0.987952154357999,652151,98.9,642,1
3,PubID_116,V08,08_01,PubID_116_V08_01_007.fcs,CD19+CD20+,Live|Dump-,51,111290.703125,316816,651509,0.486280312321088,319038,48.9,2222,1
4,PubID_116,V08,08_01,PubID_116_V08_01_007.fcs,IgD-IgG+,CD19+CD20+,51,111290.703125,143425,316816,0.452707565274481,143754,45.1,329,1
5,PubID_116,V08,08_01,PubID_116_V08_01_007.fcs,eODKO11-,IgD-IgG+,51,111290.703125,140359,143425,0.978622973679623,140523,97.8,164,1
6,PubID_116,V08,08_01,PubID_116_V08_01_007.fcs,eODGT8Double+,eODKO11-,51,111290.703125,794,140359,0.0056569226056042,817,0.6,23,1
7,PubID_116,V08,08_01,PubID_116_V08_01_007.fcs,GT8++noKO,IgD-IgG+,51,111290.703125,3631,143425,0.0253163674394283,3822,2.7,191,1
8,PubID_116,V08,08_01,PubID_116_V08_01_007.fcs,GT8++KO-,GT8++noKO,51,111290.703125,800,3631,0.220324979344533,823,21.5,23,1
