,PTID,VISIT,Tube Name,name,Population,Parent,Min_Time,Max_Time,Count,ParentCount,proportion,count_diva,proportion_diva,count_diff,correlation
0,PubID_152,V06,06_01,PubID_152_V06_01_005.fcs,Lymphocytes,root,51.0999984741211,177534.40625,8235026,8787977,0.937078692855022,2178182,93.7,6056844,0.949288905069135
1,PubID_152,V06,06_01,PubID_152_V06_01_005.fcs,Singlets,Lymphocytes,51.0999984741211,177534.40625,8172470,8235026,0.992403666970815,2162311,99.3,6010159,0.949288905069135
2,PubID_152,V06,06_01,PubID_152_V06_01_005.fcs,Live|Dump-,Singlets,51.0999984741211,177534.40625,8032713,8172470,0.982899050103579,2126096,98.3,5906617,0.949288905069135
3,PubID_152,V06,06_01,PubID_152_V06_01_005.fcs,CD19+CD20+,Live|Dump-,51.0999984741211,177534.40625,7125972,8032713,0.887118959683982,1910944,89.9,5215028,0.949288905069135
4,PubID_152,V06,06_01,PubID_152_V06_01_005.fcs,IgD-IgG+,CD19+CD20+,51.0999984741211,177534.40625,496944,7125972,0.069737012719107,131797,6.9,365147,0.949288905069135
5,PubID_152,V06,06_01,PubID_152_V06_01_005.fcs,eODKO11-,IgD-IgG+,51.0999984741211,177534.40625,492709,496944,0.991477913004282,130583,99.1,362126,0.949288905069135
6,PubID_152,V06,06_01,PubID_152_V06_01_005.fcs,eODGT8Double+,eODKO11-,51.0999984741211,177534.40625,3,492709,6.08878668747679e-06,0,0.0,3,0.949288905069135
7,PubID_152,V06,06_01,PubID_152_V06_01_005.fcs,GT8++noKO,IgD-IgG+,51.0999984741211,177534.40625,5,496944,1.00614958627129e-05,1,0.0,4,0.949288905069135
8,PubID_152,V06,06_01,PubID_152_V06_01_005.fcs,GT8++KO-,GT8++noKO,51.0999984741211,177534.40625,3,5,0.6,0,0.0,3,0.949288905069135
