,PTID,VISIT,Tube Name,name,Population,Parent,Min_Time,Max_Time,Count,ParentCount,proportion,count_diva,proportion_diva,count_diff,correlation
0,PubID_185,V02,02_01,PubID_185_V02_01_004.fcs,Lymphocytes,root,30.2999992370605,261140.40625,4080504,6260677,0.651767213034629,1505343,64.7,2575161,0.991631652042901
1,PubID_185,V02,02_01,PubID_185_V02_01_004.fcs,Singlets,Lymphocytes,30.2999992370605,261140.40625,4065484,4080504,0.996319082152597,1500402,99.7,2565082,0.991631652042901
2,PubID_185,V02,02_01,PubID_185_V02_01_004.fcs,Live|Dump-,Singlets,30.2999992370605,261140.40625,3852175,4065484,0.947531708401755,1423326,94.9,2428849,0.991631652042901
3,PubID_185,V02,02_01,PubID_185_V02_01_004.fcs,CD19+CD20+,Live|Dump-,30.2999992370605,261140.40625,2845852,3852175,0.738764983418458,1054375,74.1,1791477,0.991631652042901
4,PubID_185,V02,02_01,PubID_185_V02_01_004.fcs,IgD-IgG+,CD19+CD20+,30.2999992370605,261140.40625,520390,2845852,0.182859122681011,191967,18.2,328423,0.991631652042901
5,PubID_185,V02,02_01,PubID_185_V02_01_004.fcs,eODKO11-,IgD-IgG+,30.2999992370605,261140.40625,518552,520390,0.996468033590192,191376,99.7,327176,0.991631652042901
6,PubID_185,V02,02_01,PubID_185_V02_01_004.fcs,eODGT8Double+,eODKO11-,30.2999992370605,261140.40625,7,518552,1.34991283419985e-05,2,0.0,5,0.991631652042901
7,PubID_185,V02,02_01,PubID_185_V02_01_004.fcs,GT8++noKO,IgD-IgG+,30.2999992370605,261140.40625,12,520390,2.30596283556563e-05,4,0.0,8,0.991631652042901
8,PubID_185,V02,02_01,PubID_185_V02_01_004.fcs,GT8++KO-,GT8++noKO,30.2999992370605,261140.40625,7,12,0.583333333333333,2,50.0,5,0.991631652042901
