,PTID,VISIT,Tube Name,name,Population,Parent,Min_Time,Max_Time,Count,ParentCount,proportion,count_diva,proportion_diva,count_diff,correlation
0,PubID_051,V07A,07A_01,PubID_051_V07A_01_001.fcs,Lymphocytes,root,54.5999984741211,123279.296875,2083115,2601858,0.800625937310952,2080332,80.0,2783,1
1,PubID_051,V07A,07A_01,PubID_051_V07A_01_001.fcs,Singlets,Lymphocytes,54.5999984741211,123279.296875,2075534,2083115,0.996360738605406,2072216,99.6,3318,1
2,PubID_051,V07A,07A_01,PubID_051_V07A_01_001.fcs,Live|Dump-,Singlets,54.5999984741211,123279.296875,141846,2075534,0.0683419303176917,144172,7.0,2326,1
3,PubID_051,V07A,07A_01,PubID_051_V07A_01_001.fcs,CD19+CD20+,Live|Dump-,54.5999984741211,123279.296875,92958,141846,0.655344528573241,93262,64.7,304,1
4,PubID_051,V07A,07A_01,PubID_051_V07A_01_001.fcs,CD27hiCD38hi,CD19+CD20+,54.5999984741211,123279.296875,1349,92958,0.0145119301189785,1470,1.6,121,1
5,PubID_051,V07A,07A_01,PubID_051_V07A_01_001.fcs,IgD-,CD27hiCD38hi,54.5999984741211,123279.296875,1184,1349,0.877687175685693,1298,88.3,114,1
6,PubID_051,V07A,07A_01,PubID_051_V07A_01_001.fcs,eODKO11-,IgD-,54.5999984741211,123279.296875,1156,1184,0.976351351351351,1268,97.7,112,1
7,PubID_051,V07A,07A_01,PubID_051_V07A_01_001.fcs,eODGT8Double+,eODKO11-,54.5999984741211,123279.296875,310,1156,0.268166089965398,339,26.7,29,1
8,PubID_051,V07A,07A_01,PubID_051_V07A_01_001.fcs,GT8++noKO,IgD-,54.5999984741211,123279.296875,333,1184,0.28125,359,27.7,26,1
