,PTID,VISIT,Tube Name,name,Population,Parent,Min_Time,Max_Time,Count,ParentCount,proportion,count_diva,proportion_diva,count_diff,correlation
0,PubID_198,V06,06_01,PubID_198_V06_01_006.fcs,Lymphocytes,root,51.9000015258789,141269.703125,3997517,4808408,0.831359776458237,1940788,83.5,2056729,0.99582461641931
1,PubID_198,V06,06_01,PubID_198_V06_01_006.fcs,Singlets,Lymphocytes,51.9000015258789,141269.703125,3978724,3997517,0.995298831749809,1933153,99.6,2045571,0.99582461641931
2,PubID_198,V06,06_01,PubID_198_V06_01_006.fcs,Live|Dump-,Singlets,51.9000015258789,141269.703125,3909039,3978724,0.982485590857773,1898403,98.2,2010636,0.99582461641931
3,PubID_198,V06,06_01,PubID_198_V06_01_006.fcs,CD19+CD20+,Live|Dump-,51.9000015258789,141269.703125,1867014,3909039,0.477614574835401,908190,47.8,958824,0.99582461641931
4,PubID_198,V06,06_01,PubID_198_V06_01_006.fcs,IgD-IgG+,CD19+CD20+,51.9000015258789,141269.703125,416942,1867014,0.223320232199651,201917,22.2,215025,0.99582461641931
5,PubID_198,V06,06_01,PubID_198_V06_01_006.fcs,eODKO11-,IgD-IgG+,51.9000015258789,141269.703125,395205,416942,0.94786565037823,191909,95.0,203296,0.99582461641931
6,PubID_198,V06,06_01,PubID_198_V06_01_006.fcs,eODGT8Double+,eODKO11-,51.9000015258789,141269.703125,1,395205,2.53033235915537e-06,1,0.0,0,0.99582461641931
7,PubID_198,V06,06_01,PubID_198_V06_01_006.fcs,GT8++noKO,IgD-IgG+,51.9000015258789,141269.703125,1,416942,2.39841512728389e-06,1,0.0,0,0.99582461641931
8,PubID_198,V06,06_01,PubID_198_V06_01_006.fcs,GT8++KO-,GT8++noKO,51.9000015258789,141269.703125,1,1,1.0,1,100.0,0,0.99582461641931
