,PTID,VISIT,Tube Name,name,Population,Parent,Min_Time,Max_Time,Count,ParentCount,proportion,count_diva,proportion_diva,count_diff,correlation
0,PubID_116,V07,07_01,PubID_116_V07_01_006.fcs,Lymphocytes,root,60.9000015258789,232324.296875,4164492,4591491,0.907002104545125,2109479,90.7,2055013,0.99582461641931
1,PubID_116,V07,07_01,PubID_116_V07_01_006.fcs,Singlets,Lymphocytes,60.9000015258789,232324.296875,4119443,4164492,0.989182594179554,2086086,98.9,2033357,0.99582461641931
2,PubID_116,V07,07_01,PubID_116_V07_01_006.fcs,Live|Dump-,Singlets,60.9000015258789,232324.296875,4053763,4119443,0.984056096904363,2054165,98.5,1999598,0.99582461641931
3,PubID_116,V07,07_01,PubID_116_V07_01_006.fcs,CD19+CD20+,Live|Dump-,60.9000015258789,232324.296875,2099084,4053763,0.517811228727481,1069646,52.1,1029438,0.99582461641931
4,PubID_116,V07,07_01,PubID_116_V07_01_006.fcs,IgD-IgG+,CD19+CD20+,60.9000015258789,232324.296875,787290,2099084,0.375063599169924,400245,37.4,387045,0.99582461641931
5,PubID_116,V07,07_01,PubID_116_V07_01_006.fcs,eODKO11-,IgD-IgG+,60.9000015258789,232324.296875,786074,787290,0.998455461138843,399598,99.8,386476,0.99582461641931
6,PubID_116,V07,07_01,PubID_116_V07_01_006.fcs,eODGT8Double+,eODKO11-,60.9000015258789,232324.296875,415,786074,0.000527940117597,222,0.1,193,0.99582461641931
7,PubID_116,V07,07_01,PubID_116_V07_01_006.fcs,GT8++noKO,IgD-IgG+,60.9000015258789,232324.296875,922,787290,0.0011711059457125,492,0.1,430,0.99582461641931
8,PubID_116,V07,07_01,PubID_116_V07_01_006.fcs,GT8++KO-,GT8++noKO,60.9000015258789,232324.296875,428,922,0.464208242950108,225,45.7,203,0.99582461641931
