,PTID,VISIT,Tube Name,name,Population,Parent,Min_Time,Max_Time,Count,ParentCount,proportion,count_diva,proportion_diva,count_diff,correlation
0,PubID_100,V08,08_01,PubID_100_V08_01_007.fcs,Lymphocytes,root,51.7000007629395,141918.59375,1625595,2017208,0.805863847456484,1626407,80.6,812,0.983333333333333
1,PubID_100,V08,08_01,PubID_100_V08_01_007.fcs,Singlets,Lymphocytes,51.7000007629395,141918.59375,1618789,1625595,0.995813225311348,1619398,99.6,609,0.983333333333333
2,PubID_100,V08,08_01,PubID_100_V08_01_007.fcs,Live|Dump-,Singlets,51.7000007629395,141918.59375,1546325,1618789,0.955235673086486,1551131,95.8,4806,0.983333333333333
3,PubID_100,V08,08_01,PubID_100_V08_01_007.fcs,CD19+CD20+,Live|Dump-,51.7000007629395,141918.59375,1294018,1546325,0.836834430019562,1310800,84.5,16782,0.983333333333333
4,PubID_100,V08,08_01,PubID_100_V08_01_007.fcs,IgD-IgG+,CD19+CD20+,51.7000007629395,141918.59375,155346,1294018,0.120049334707863,155925,11.9,579,0.983333333333333
5,PubID_100,V08,08_01,PubID_100_V08_01_007.fcs,eODKO11-,IgD-IgG+,51.7000007629395,141918.59375,148547,155346,0.95623318270184,148935,95.5,388,0.983333333333333
6,PubID_100,V08,08_01,PubID_100_V08_01_007.fcs,eODGT8Double+,eODKO11-,51.7000007629395,141918.59375,704,148547,0.0047392407790127,732,0.5,28,0.983333333333333
7,PubID_100,V08,08_01,PubID_100_V08_01_007.fcs,GT8++noKO,IgD-IgG+,51.7000007629395,141918.59375,5431,155346,0.0349606684433458,5657,3.6,226,0.983333333333333
8,PubID_100,V08,08_01,PubID_100_V08_01_007.fcs,GT8++KO-,GT8++noKO,51.7000007629395,141918.59375,725,5431,0.133492911066102,752,13.3,27,0.983333333333333
