,PTID,VISIT,Tube Name,name,Population,Parent,Min_Time,Max_Time,Count,ParentCount,proportion,count_diva,proportion_diva,count_diff,correlation
0,PubID_047,V07,07_01,PubID_047_V07_01_006.fcs,Lymphocytes,root,51.5,206075.203125,7609013,8140175,0.934748085882675,2178167,93.7,5430846,0.99582461641931
1,PubID_047,V07,07_01,PubID_047_V07_01_006.fcs,Singlets,Lymphocytes,51.5,206075.203125,7521759,7609013,0.988532809708697,2154801,98.9,5366958,0.99582461641931
2,PubID_047,V07,07_01,PubID_047_V07_01_006.fcs,Live|Dump-,Singlets,51.5,206075.203125,7427866,7521759,0.987517148581868,2130470,98.9,5297396,0.99582461641931
3,PubID_047,V07,07_01,PubID_047_V07_01_006.fcs,CD19+CD20+,Live|Dump-,51.5,206075.203125,6905636,7427866,0.929693131243886,1984500,93.1,4921136,0.99582461641931
4,PubID_047,V07,07_01,PubID_047_V07_01_006.fcs,IgD-IgG+,CD19+CD20+,51.5,206075.203125,383446,6905636,0.0555265293450162,109813,5.5,273633,0.99582461641931
5,PubID_047,V07,07_01,PubID_047_V07_01_006.fcs,eODKO11-,IgD-IgG+,51.5,206075.203125,380095,383446,0.991260829425786,108848,99.1,271247,0.99582461641931
6,PubID_047,V07,07_01,PubID_047_V07_01_006.fcs,eODGT8Double+,eODKO11-,51.5,206075.203125,56,380095,0.0001473315881555,16,0.0,40,0.99582461641931
7,PubID_047,V07,07_01,PubID_047_V07_01_006.fcs,GT8++noKO,IgD-IgG+,51.5,206075.203125,214,383446,0.0005580968376251,72,0.1,142,0.99582461641931
8,PubID_047,V07,07_01,PubID_047_V07_01_006.fcs,GT8++KO-,GT8++noKO,51.5,206075.203125,56,214,0.261682242990654,16,22.2,40,0.99582461641931
