,PTID,VISIT,Tube Name,name,Population,Parent,Min_Time,Max_Time,Count,ParentCount,proportion,count_diva,proportion_diva,count_diff,correlation
0,PubID_114,V10,10_01,PubID_114_V10_01_008.fcs,Lymphocytes,root,62.2000007629395,265614.3125,3797089,6568390,0.578085192870703,1271971,56.5,2525118,1
1,PubID_114,V10,10_01,PubID_114_V10_01_008.fcs,Singlets,Lymphocytes,62.2000007629395,265614.3125,3778610,3797089,0.995133377173935,1266871,99.6,2511739,1
2,PubID_114,V10,10_01,PubID_114_V10_01_008.fcs,Live|Dump-,Singlets,62.2000007629395,265614.3125,3549489,3778610,0.939363681353725,1212769,95.7,2336720,1
3,PubID_114,V10,10_01,PubID_114_V10_01_008.fcs,CD19+CD20+,Live|Dump-,62.2000007629395,265614.3125,3225593,3549489,0.908748555073702,1073877,88.5,2151716,1
4,PubID_114,V10,10_01,PubID_114_V10_01_008.fcs,IgD-IgG+,CD19+CD20+,62.2000007629395,265614.3125,105852,3225593,0.0328162914540055,35192,3.3,70660,1
5,PubID_114,V10,10_01,PubID_114_V10_01_008.fcs,eODKO11-,IgD-IgG+,62.2000007629395,265614.3125,101809,105852,0.961805161924196,34098,96.9,67711,1
6,PubID_114,V10,10_01,PubID_114_V10_01_008.fcs,eODGT8Double+,eODKO11-,62.2000007629395,265614.3125,156,101809,0.0015322810360577,122,0.4,34,1
7,PubID_114,V10,10_01,PubID_114_V10_01_008.fcs,GT8++noKO,IgD-IgG+,62.2000007629395,265614.3125,1688,105852,0.015946793636398,800,2.3,888,1
8,PubID_114,V10,10_01,PubID_114_V10_01_008.fcs,GT8++KO-,GT8++noKO,62.2000007629395,265614.3125,156,1688,0.0924170616113744,122,15.3,34,1
