,PTID,VISIT,Tube Name,name,Population,Parent,Min_Time,Max_Time,Count,ParentCount,proportion,count_diva,proportion_diva,count_diff,correlation
0,PubID_110,V07,07_01,PubID_110_V07_01_007.fcs,Lymphocytes,root,30.7999992370605,180498.90625,3583519,6465806,0.554226186186223,1278928,55.0,2304591,1
1,PubID_110,V07,07_01,PubID_110_V07_01_007.fcs,Singlets,Lymphocytes,30.7999992370605,180498.90625,3567533,3583519,0.995539021838589,1273580,99.6,2293953,1
2,PubID_110,V07,07_01,PubID_110_V07_01_007.fcs,Live|Dump-,Singlets,30.7999992370605,180498.90625,3355022,3567533,0.940431945548927,1195861,93.9,2159161,1
3,PubID_110,V07,07_01,PubID_110_V07_01_007.fcs,CD19+CD20+,Live|Dump-,30.7999992370605,180498.90625,2302292,3355022,0.686222623875492,835040,69.8,1467252,1
4,PubID_110,V07,07_01,PubID_110_V07_01_007.fcs,IgD-IgG+,CD19+CD20+,30.7999992370605,180498.90625,180084,2302292,0.0782194439280508,65305,7.8,114779,1
5,PubID_110,V07,07_01,PubID_110_V07_01_007.fcs,eODKO11-,IgD-IgG+,30.7999992370605,180498.90625,169843,180084,0.94313209391173,61570,94.3,108273,1
6,PubID_110,V07,07_01,PubID_110_V07_01_007.fcs,eODGT8Double+,eODKO11-,30.7999992370605,180498.90625,61,169843,0.0003591552198206,27,0.0,34,1
7,PubID_110,V07,07_01,PubID_110_V07_01_007.fcs,GT8++noKO,IgD-IgG+,30.7999992370605,180498.90625,179,180084,0.0009939805868372,64,0.1,115,1
8,PubID_110,V07,07_01,PubID_110_V07_01_007.fcs,GT8++KO-,GT8++noKO,30.7999992370605,180498.90625,63,179,0.35195530726257,28,43.8,35,1
