,PTID,VISIT,Tube Name,name,Population,Parent,Min_Time,Max_Time,Count,ParentCount,proportion,count_diva,proportion_diva,count_diff,correlation
0,PubID_032,V10,10_01,PubID_032_V10_01_008.fcs,Lymphocytes,root,53.5,238426.5,1307242,1587484,0.823467827077312,1308264,82.4,1022,1
1,PubID_032,V10,10_01,PubID_032_V10_01_008.fcs,Singlets,Lymphocytes,53.5,238426.5,1299488,1307242,0.994068428033983,1300387,99.4,899,1
2,PubID_032,V10,10_01,PubID_032_V10_01_008.fcs,Live|Dump-,Singlets,53.5,238426.5,1255476,1299488,0.966131276318058,1258670,96.8,3194,1
3,PubID_032,V10,10_01,PubID_032_V10_01_008.fcs,CD19+CD20+,Live|Dump-,53.5,238426.5,905014,1255476,0.72085328592502,908801,72.2,3787,1
4,PubID_032,V10,10_01,PubID_032_V10_01_008.fcs,IgD-IgG+,CD19+CD20+,53.5,238426.5,135029,905014,0.149201006835253,135454,14.9,425,1
5,PubID_032,V10,10_01,PubID_032_V10_01_008.fcs,eODKO11-,IgD-IgG+,53.5,238426.5,132724,135029,0.982929592902265,133103,98.3,379,1
6,PubID_032,V10,10_01,PubID_032_V10_01_008.fcs,eODGT8Double+,eODKO11-,53.5,238426.5,405,132724,0.0030514451041258,415,0.3,10,1
7,PubID_032,V10,10_01,PubID_032_V10_01_008.fcs,GT8++noKO,IgD-IgG+,53.5,238426.5,1896,135029,0.0140414281376593,1947,1.4,51,1
8,PubID_032,V10,10_01,PubID_032_V10_01_008.fcs,GT8++KO-,GT8++noKO,53.5,238426.5,388,1896,0.20464135021097,402,20.6,14,1
