,PTID,VISIT,Tube Name,name,Population,Parent,Min_Time,Max_Time,Count,ParentCount,proportion,count_diva,proportion_diva,count_diff,correlation
0,PubID_163,V10,10_01,PubID_163_V10_01_008.fcs,Lymphocytes,root,30.8999996185303,120345.8984375,2820658,3648952,0.773004961424541,1799690,77.4,1020968,1
1,PubID_163,V10,10_01,PubID_163_V10_01_008.fcs,Singlets,Lymphocytes,30.8999996185303,120345.8984375,2812562,2820658,0.997129747739712,1794539,99.7,1018023,1
2,PubID_163,V10,10_01,PubID_163_V10_01_008.fcs,Live|Dump-,Singlets,30.8999996185303,120345.8984375,2719052,2812562,0.966752732917532,1737101,96.8,981951,1
3,PubID_163,V10,10_01,PubID_163_V10_01_008.fcs,CD19+CD20+,Live|Dump-,30.8999996185303,120345.8984375,2057981,2719052,0.756874454773208,1323322,76.2,734659,1
4,PubID_163,V10,10_01,PubID_163_V10_01_008.fcs,IgD-IgG+,CD19+CD20+,30.8999996185303,120345.8984375,396460,2057981,0.192645121602192,252707,19.1,143753,1
5,PubID_163,V10,10_01,PubID_163_V10_01_008.fcs,eODKO11-,IgD-IgG+,30.8999996185303,120345.8984375,392047,396460,0.988868990566514,249970,98.9,142077,1
6,PubID_163,V10,10_01,PubID_163_V10_01_008.fcs,eODGT8Double+,eODKO11-,30.8999996185303,120345.8984375,121,392047,0.0003086364645055,79,0.0,42,1
7,PubID_163,V10,10_01,PubID_163_V10_01_008.fcs,GT8++noKO,IgD-IgG+,30.8999996185303,120345.8984375,680,396460,0.0017151793371336,444,0.2,236,1
8,PubID_163,V10,10_01,PubID_163_V10_01_008.fcs,GT8++KO-,GT8++noKO,30.8999996185303,120345.8984375,120,680,0.176470588235294,78,17.6,42,1
