,PTID,VISIT,Tube Name,name,Population,Parent,Min_Time,Max_Time,Count,ParentCount,proportion,count_diva,proportion_diva,count_diff,correlation
0,PubID_077,V08,08_01,PubID_077_V08_01_007.fcs,Lymphocytes,root,30.8999996185303,113682.5,888081,1023154,0.867983705287767,888873,86.9,792,1
1,PubID_077,V08,08_01,PubID_077_V08_01_007.fcs,Singlets,Lymphocytes,30.8999996185303,113682.5,877830,888081,0.988457133977644,878245,98.8,415,1
2,PubID_077,V08,08_01,PubID_077_V08_01_007.fcs,Live|Dump-,Singlets,30.8999996185303,113682.5,855229,877830,0.974253557066858,856642,97.5,1413,1
3,PubID_077,V08,08_01,PubID_077_V08_01_007.fcs,CD19+CD20+,Live|Dump-,30.8999996185303,113682.5,402852,855229,0.47104576668939,408795,47.7,5943,1
4,PubID_077,V08,08_01,PubID_077_V08_01_007.fcs,IgD-IgG+,CD19+CD20+,30.8999996185303,113682.5,105113,402852,0.260922125246989,105375,25.8,262,1
5,PubID_077,V08,08_01,PubID_077_V08_01_007.fcs,eODKO11-,IgD-IgG+,30.8999996185303,113682.5,101233,105113,0.963087344096353,101478,96.3,245,1
6,PubID_077,V08,08_01,PubID_077_V08_01_007.fcs,eODGT8Double+,eODKO11-,30.8999996185303,113682.5,829,101233,0.0081890292691118,839,0.8,10,1
7,PubID_077,V08,08_01,PubID_077_V08_01_007.fcs,GT8++noKO,IgD-IgG+,30.8999996185303,113682.5,3980,105113,0.0378640130145653,4044,3.8,64,1
8,PubID_077,V08,08_01,PubID_077_V08_01_007.fcs,GT8++KO-,GT8++noKO,30.8999996185303,113682.5,812,3980,0.204020100502513,825,20.4,13,1
