,PTID,VISIT,Tube Name,name,Population,Parent,Min_Time,Max_Time,Count,ParentCount,proportion,count_diva,proportion_diva,count_diff,correlation
0,PubID_116,V06,06_01,PubID_116_V06_01_005.fcs,Lymphocytes,root,50.7999992370605,177525.59375,2396639,2688344,0.891492680996182,2073424,89.2,323215,1
1,PubID_116,V06,06_01,PubID_116_V06_01_005.fcs,Singlets,Lymphocytes,50.7999992370605,177525.59375,2376392,2396639,0.9915519191668,2054972,99.1,321420,1
2,PubID_116,V06,06_01,PubID_116_V06_01_005.fcs,Live|Dump-,Singlets,50.7999992370605,177525.59375,2343589,2376392,0.986196300946982,2028270,98.7,315319,1
3,PubID_116,V06,06_01,PubID_116_V06_01_005.fcs,CD19+CD20+,Live|Dump-,50.7999992370605,177525.59375,1167722,2343589,0.498262280630264,1017269,50.2,150453,1
4,PubID_116,V06,06_01,PubID_116_V06_01_005.fcs,IgD-IgG+,CD19+CD20+,50.7999992370605,177525.59375,444683,1167722,0.380812385139614,384853,37.8,59830,1
5,PubID_116,V06,06_01,PubID_116_V06_01_005.fcs,eODKO11-,IgD-IgG+,50.7999992370605,177525.59375,443917,444683,0.99827742459235,384170,99.8,59747,1
6,PubID_116,V06,06_01,PubID_116_V06_01_005.fcs,eODGT8Double+,eODKO11-,50.7999992370605,177525.59375,463,443917,0.0010429877657309,415,0.1,48,1
7,PubID_116,V06,06_01,PubID_116_V06_01_005.fcs,GT8++noKO,IgD-IgG+,50.7999992370605,177525.59375,845,444683,0.0019002300515198,768,0.2,77,1
8,PubID_116,V06,06_01,PubID_116_V06_01_005.fcs,GT8++KO-,GT8++noKO,50.7999992370605,177525.59375,465,845,0.550295857988166,427,55.6,38,1
