,PTID,VISIT,Tube Name,name,Population,Parent,Min_Time,Max_Time,Count,ParentCount,proportion,count_diva,proportion_diva,count_diff,correlation
0,PubID_163,V06,06_01,PubID_163_V06_01_005.fcs,Lymphocytes,root,61.2999992370605,188956.203125,2359521,3024100,0.780239079395523,1812023,77.9,547498,1
1,PubID_163,V06,06_01,PubID_163_V06_01_005.fcs,Singlets,Lymphocytes,61.2999992370605,188956.203125,2354122,2359521,0.997711823713372,1807837,99.8,546285,1
2,PubID_163,V06,06_01,PubID_163_V06_01_005.fcs,Live|Dump-,Singlets,61.2999992370605,188956.203125,2284973,2354122,0.970626416133064,1756580,97.2,528393,1
3,PubID_163,V06,06_01,PubID_163_V06_01_005.fcs,CD19+CD20+,Live|Dump-,61.2999992370605,188956.203125,1835364,2284973,0.803232248258513,1415246,80.6,420118,1
4,PubID_163,V06,06_01,PubID_163_V06_01_005.fcs,IgD-IgG+,CD19+CD20+,61.2999992370605,188956.203125,384389,1835364,0.209434749728119,294662,20.8,89727,1
5,PubID_163,V06,06_01,PubID_163_V06_01_005.fcs,eODKO11-,IgD-IgG+,61.2999992370605,188956.203125,381334,384389,0.992052321996727,292313,99.2,89021,1
6,PubID_163,V06,06_01,PubID_163_V06_01_005.fcs,eODGT8Double+,eODKO11-,61.2999992370605,188956.203125,198,381334,0.0005192298614862,145,0.0,53,1
7,PubID_163,V06,06_01,PubID_163_V06_01_005.fcs,GT8++noKO,IgD-IgG+,61.2999992370605,188956.203125,582,384389,0.0015140911940768,454,0.2,128,1
8,PubID_163,V06,06_01,PubID_163_V06_01_005.fcs,GT8++KO-,GT8++noKO,61.2999992370605,188956.203125,198,582,0.34020618556701,145,31.9,53,1
