,PTID,VISIT,Tube Name,name,Population,Parent,Min_Time,Max_Time,Count,ParentCount,proportion,count_diva,proportion_diva,count_diff,correlation
0,PubID_059,V08,08_01,PubID_059_V08_01_007.fcs,Lymphocytes,root,50,186681.40625,2460830,2694636,0.913232807696476,2123488,91.3,337342,1
1,PubID_059,V08,08_01,PubID_059_V08_01_007.fcs,Singlets,Lymphocytes,50,186681.40625,2454384,2460830,0.99738055859202,2117705,99.7,336679,1
2,PubID_059,V08,08_01,PubID_059_V08_01_007.fcs,Live|Dump-,Singlets,50,186681.40625,2396227,2454384,0.976304848793017,2070937,97.8,325290,1
3,PubID_059,V08,08_01,PubID_059_V08_01_007.fcs,CD19+CD20+,Live|Dump-,50,186681.40625,778322,2396227,0.324811464022399,684036,33.0,94286,1
4,PubID_059,V08,08_01,PubID_059_V08_01_007.fcs,IgD-IgG+,CD19+CD20+,50,186681.40625,273535,778322,0.351441948191109,238791,34.9,34744,1
5,PubID_059,V08,08_01,PubID_059_V08_01_007.fcs,eODKO11-,IgD-IgG+,50,186681.40625,262144,273535,0.958356334655528,228384,95.6,33760,1
6,PubID_059,V08,08_01,PubID_059_V08_01_007.fcs,eODGT8Double+,eODKO11-,50,186681.40625,449,262144,0.0017127990722656,408,0.2,41,1
7,PubID_059,V08,08_01,PubID_059_V08_01_007.fcs,GT8++noKO,IgD-IgG+,50,186681.40625,8706,273535,0.031827736852688,8100,3.4,606,1
8,PubID_059,V08,08_01,PubID_059_V08_01_007.fcs,GT8++KO-,GT8++noKO,50,186681.40625,449,8706,0.0515736273834137,408,5.0,41,1
