,PTID,VISIT,Tube Name,name,Population,Parent,Min_Time,Max_Time,Count,ParentCount,proportion,count_diva,proportion_diva,count_diff,correlation
0,PubID_180,V10,10_01,PubID_180_V10_01_008.fcs,Lymphocytes,root,51.2999992370605,82835.1015625,4616526,6467838,0.71376648580252,1647482,70.9,2969044,0.99582461641931
1,PubID_180,V10,10_01,PubID_180_V10_01_008.fcs,Singlets,Lymphocytes,51.2999992370605,82835.1015625,4549349,4616526,0.98544858189903,1623728,98.6,2925621,0.99582461641931
2,PubID_180,V10,10_01,PubID_180_V10_01_008.fcs,Live|Dump-,Singlets,51.2999992370605,82835.1015625,4185869,4549349,0.920102854276513,1494950,92.1,2690919,0.99582461641931
3,PubID_180,V10,10_01,PubID_180_V10_01_008.fcs,CD19+CD20+,Live|Dump-,51.2999992370605,82835.1015625,3691591,4185869,0.88191747042251,1311249,87.7,2380342,0.99582461641931
4,PubID_180,V10,10_01,PubID_180_V10_01_008.fcs,IgD-IgG+,CD19+CD20+,51.2999992370605,82835.1015625,230564,3691591,0.062456539741266,82458,6.3,148106,0.99582461641931
5,PubID_180,V10,10_01,PubID_180_V10_01_008.fcs,eODKO11-,IgD-IgG+,51.2999992370605,82835.1015625,204018,230564,0.884864939886539,73248,88.8,130770,0.99582461641931
6,PubID_180,V10,10_01,PubID_180_V10_01_008.fcs,eODGT8Double+,eODKO11-,51.2999992370605,82835.1015625,2,204018,9.80305659304571e-06,2,0.0,0,0.99582461641931
7,PubID_180,V10,10_01,PubID_180_V10_01_008.fcs,GT8++noKO,IgD-IgG+,51.2999992370605,82835.1015625,2,230564,8.67438108290973e-06,2,0.0,0,0.99582461641931
8,PubID_180,V10,10_01,PubID_180_V10_01_008.fcs,GT8++KO-,GT8++noKO,51.2999992370605,82835.1015625,2,2,1.0,2,100.0,0,0.99582461641931
