,PTID,VISIT,Tube Name,name,Population,Parent,Min_Time,Max_Time,Count,ParentCount,proportion,count_diva,proportion_diva,count_diff,correlation
0,PubID_116,V10,10_01,PubID_116_V10_01_008.fcs,Lymphocytes,root,30.7999992370605,112489.8984375,1407906,1654107,0.851157754607169,1409431,85.2,1525,1
1,PubID_116,V10,10_01,PubID_116_V10_01_008.fcs,Singlets,Lymphocytes,30.7999992370605,112489.8984375,1388514,1407906,0.986226353179829,1389421,98.6,907,1
2,PubID_116,V10,10_01,PubID_116_V10_01_008.fcs,Live|Dump-,Singlets,30.7999992370605,112489.8984375,1354407,1388514,0.975436329774133,1357142,97.7,2735,1
3,PubID_116,V10,10_01,PubID_116_V10_01_008.fcs,CD19+CD20+,Live|Dump-,30.7999992370605,112489.8984375,586021,1354407,0.432677179016352,590349,43.5,4328,1
4,PubID_116,V10,10_01,PubID_116_V10_01_008.fcs,IgD-IgG+,CD19+CD20+,30.7999992370605,112489.8984375,177783,586021,0.303373087312571,178125,30.2,342,1
5,PubID_116,V10,10_01,PubID_116_V10_01_008.fcs,eODKO11-,IgD-IgG+,30.7999992370605,112489.8984375,176161,177783,0.990876518002284,176419,99.0,258,1
6,PubID_116,V10,10_01,PubID_116_V10_01_008.fcs,eODGT8Double+,eODKO11-,30.7999992370605,112489.8984375,431,176161,0.0024466255300548,441,0.2,10,1
7,PubID_116,V10,10_01,PubID_116_V10_01_008.fcs,GT8++noKO,IgD-IgG+,30.7999992370605,112489.8984375,1780,177783,0.0100122058914519,1861,1.0,81,1
8,PubID_116,V10,10_01,PubID_116_V10_01_008.fcs,GT8++KO-,GT8++noKO,30.7999992370605,112489.8984375,436,1780,0.244943820224719,443,23.8,7,1
