,PTID,VISIT,Tube Name,name,Population,Parent,Min_Time,Max_Time,Count,ParentCount,proportion,count_diva,proportion_diva,count_diff,correlation
0,PubID_047,V10,10_01,PubID_047_V10_01_008.fcs,Lymphocytes,root,62.0999984741211,275745.8125,5416188,6434598,0.841729040415578,1956556,84.2,3459632,1
1,PubID_047,V10,10_01,PubID_047_V10_01_008.fcs,Singlets,Lymphocytes,62.0999984741211,275745.8125,5349865,5416188,0.987754671735915,1933300,98.8,3416565,1
2,PubID_047,V10,10_01,PubID_047_V10_01_008.fcs,Live|Dump-,Singlets,62.0999984741211,275745.8125,5180036,5349865,0.968255460651811,1876486,97.1,3303550,1
3,PubID_047,V10,10_01,PubID_047_V10_01_008.fcs,CD19+CD20+,Live|Dump-,62.0999984741211,275745.8125,4717645,5180036,0.910735948553253,1709553,91.1,3008092,1
4,PubID_047,V10,10_01,PubID_047_V10_01_008.fcs,IgD-IgG+,CD19+CD20+,62.0999984741211,275745.8125,277863,4717645,0.0588986666016625,99921,5.8,177942,1
5,PubID_047,V10,10_01,PubID_047_V10_01_008.fcs,eODKO11-,IgD-IgG+,62.0999984741211,275745.8125,274089,277863,0.986417767029075,98554,98.6,175535,1
6,PubID_047,V10,10_01,PubID_047_V10_01_008.fcs,eODGT8Double+,eODKO11-,62.0999984741211,275745.8125,261,274089,0.0009522454385254,101,0.1,160,1
7,PubID_047,V10,10_01,PubID_047_V10_01_008.fcs,GT8++noKO,IgD-IgG+,62.0999984741211,275745.8125,1475,277863,0.005308371391657,560,0.6,915,1
8,PubID_047,V10,10_01,PubID_047_V10_01_008.fcs,GT8++KO-,GT8++noKO,62.0999984741211,275745.8125,260,1475,0.176271186440678,100,17.9,160,1
