,PTID,VISIT,Tube Name,name,Population,Parent,Min_Time,Max_Time,Count,ParentCount,proportion,count_diva,proportion_diva,count_diff,correlation
0,PubID_028,V10,10_01,PubID_028_V10_01_008.fcs,Lymphocytes,root,61.2000007629395,304597.90625,4417616,8043315,0.549228272173849,1238914,53.3,3178702,1
1,PubID_028,V10,10_01,PubID_028_V10_01_008.fcs,Singlets,Lymphocytes,61.2000007629395,304597.90625,4405402,4417616,0.997235160321766,1236067,99.8,3169335,1
2,PubID_028,V10,10_01,PubID_028_V10_01_008.fcs,Live|Dump-,Singlets,61.2000007629395,304597.90625,4090650,4405402,0.928553171765028,1148830,92.9,2941820,1
3,PubID_028,V10,10_01,PubID_028_V10_01_008.fcs,CD19+CD20+,Live|Dump-,61.2000007629395,304597.90625,3734386,4090650,0.912907728600589,1043732,90.9,2690654,1
4,PubID_028,V10,10_01,PubID_028_V10_01_008.fcs,IgD-IgG+,CD19+CD20+,61.2000007629395,304597.90625,258857,3734386,0.0693171514674702,72677,7.0,186180,1
5,PubID_028,V10,10_01,PubID_028_V10_01_008.fcs,eODKO11-,IgD-IgG+,61.2000007629395,304597.90625,247242,258857,0.95512966618635,69701,95.9,177541,1
6,PubID_028,V10,10_01,PubID_028_V10_01_008.fcs,eODGT8Double+,eODKO11-,61.2000007629395,304597.90625,186,247242,0.0007522993666124,51,0.1,135,1
7,PubID_028,V10,10_01,PubID_028_V10_01_008.fcs,GT8++noKO,IgD-IgG+,61.2000007629395,304597.90625,696,258857,0.0026887432057081,210,0.3,486,1
8,PubID_028,V10,10_01,PubID_028_V10_01_008.fcs,GT8++KO-,GT8++noKO,61.2000007629395,304597.90625,188,696,0.270114942528736,51,24.3,137,1
