,PTID,VISIT,Tube Name,name,Population,Parent,Min_Time,Max_Time,Count,ParentCount,proportion,count_diva,proportion_diva,count_diff,correlation
0,PubID_077,V10,10_01,PubID_077_V10_01_008.fcs,Lymphocytes,root,50.7000007629395,251042.09375,1258649,1496862,0.840858409125223,1259808,84.2,1159,1
1,PubID_077,V10,10_01,PubID_077_V10_01_008.fcs,Singlets,Lymphocytes,50.7000007629395,251042.09375,1247255,1258649,0.990947436497387,1247938,99.1,683,1
2,PubID_077,V10,10_01,PubID_077_V10_01_008.fcs,Live|Dump-,Singlets,50.7000007629395,251042.09375,1224662,1247255,0.981885821263495,1226527,98.3,1865,1
3,PubID_077,V10,10_01,PubID_077_V10_01_008.fcs,CD19+CD20+,Live|Dump-,50.7000007629395,251042.09375,656911,1224662,0.53640188068218,663555,54.1,6644,1
4,PubID_077,V10,10_01,PubID_077_V10_01_008.fcs,IgD-IgG+,CD19+CD20+,50.7000007629395,251042.09375,140740,656911,0.214245156497608,140980,21.2,240,1
5,PubID_077,V10,10_01,PubID_077_V10_01_008.fcs,eODKO11-,IgD-IgG+,50.7000007629395,251042.09375,138760,140740,0.985931504902657,139024,98.6,264,1
6,PubID_077,V10,10_01,PubID_077_V10_01_008.fcs,eODGT8Double+,eODKO11-,50.7000007629395,251042.09375,343,138760,0.0024718939175554,348,0.3,5,1
7,PubID_077,V10,10_01,PubID_077_V10_01_008.fcs,GT8++noKO,IgD-IgG+,50.7000007629395,251042.09375,1503,140740,0.0106792667329828,1510,1.1,7,1
8,PubID_077,V10,10_01,PubID_077_V10_01_008.fcs,GT8++KO-,GT8++noKO,50.7000007629395,251042.09375,342,1503,0.227544910179641,344,22.8,2,1
