,PTID,VISIT,Tube Name,name,Population,Parent,Min_Time,Max_Time,Count,ParentCount,proportion,count_diva,proportion_diva,count_diff,correlation
0,PubID_028,V06,06_01_Repeat_1,PubID_028_V06_01_Repeat_1_005.fcs,Lymphocytes,root,51.4000015258789,96634.3984375,3825527,4196937,0.911504509121771,2121688,91.3,1703839,1
1,PubID_028,V06,06_01_Repeat_1,PubID_028_V06_01_Repeat_1_005.fcs,Singlets,Lymphocytes,51.4000015258789,96634.3984375,3720346,3825527,0.972505487479241,2066916,97.4,1653430,1
2,PubID_028,V06,06_01_Repeat_1,PubID_028_V06_01_Repeat_1_005.fcs,Live|Dump-,Singlets,51.4000015258789,96634.3984375,3632581,3720346,0.97640945223912,2017031,97.6,1615550,1
3,PubID_028,V06,06_01_Repeat_1,PubID_028_V06_01_Repeat_1_005.fcs,CD19+CD20+,Live|Dump-,51.4000015258789,96634.3984375,3067978,3632581,0.844572495424052,1706129,84.6,1361849,1
4,PubID_028,V06,06_01_Repeat_1,PubID_028_V06_01_Repeat_1_005.fcs,IgD-IgG+,CD19+CD20+,51.4000015258789,96634.3984375,269529,3067978,0.0878523248862932,149547,8.8,119982,1
5,PubID_028,V06,06_01_Repeat_1,PubID_028_V06_01_Repeat_1_005.fcs,eODKO11-,IgD-IgG+,51.4000015258789,96634.3984375,267385,269529,0.992045382871602,148331,99.2,119054,1
6,PubID_028,V06,06_01_Repeat_1,PubID_028_V06_01_Repeat_1_005.fcs,eODGT8Double+,eODKO11-,51.4000015258789,96634.3984375,105,267385,0.0003926921854255,58,0.0,47,1
7,PubID_028,V06,06_01_Repeat_1,PubID_028_V06_01_Repeat_1_005.fcs,GT8++noKO,IgD-IgG+,51.4000015258789,96634.3984375,335,269529,0.0012429089263122,182,0.1,153,1
8,PubID_028,V06,06_01_Repeat_1,PubID_028_V06_01_Repeat_1_005.fcs,GT8++KO-,GT8++noKO,51.4000015258789,96634.3984375,103,335,0.307462686567164,58,31.9,45,1
