,PTID,VISIT,Tube Name,name,Population,Parent,Min_Time,Max_Time,Count,ParentCount,proportion,count_diva,proportion_diva,count_diff,correlation
0,PubID_114,V06,06_01,PubID_114_V06_01_005.fcs,Lymphocytes,root,62.7000007629395,114687.796875,3187053,3828392,0.832478231069337,1877592,83.4,1309461,1
1,PubID_114,V06,06_01,PubID_114_V06_01_005.fcs,Singlets,Lymphocytes,62.7000007629395,114687.796875,3170057,3187053,0.994667173718165,1867732,99.5,1302325,1
2,PubID_114,V06,06_01,PubID_114_V06_01_005.fcs,Live|Dump-,Singlets,62.7000007629395,114687.796875,3099083,3170057,0.97761112812798,1836732,98.3,1262351,1
3,PubID_114,V06,06_01,PubID_114_V06_01_005.fcs,CD19+CD20+,Live|Dump-,62.7000007629395,114687.796875,2926920,3099083,0.944447115485452,1725276,93.9,1201644,1
4,PubID_114,V06,06_01,PubID_114_V06_01_005.fcs,IgD-IgG+,CD19+CD20+,62.7000007629395,114687.796875,95767,2926920,0.0327193773659683,57249,3.3,38518,1
5,PubID_114,V06,06_01,PubID_114_V06_01_005.fcs,eODKO11-,IgD-IgG+,62.7000007629395,114687.796875,93910,95767,0.980609186880658,56735,99.1,37175,1
6,PubID_114,V06,06_01,PubID_114_V06_01_005.fcs,eODGT8Double+,eODKO11-,62.7000007629395,114687.796875,42,93910,0.0004472367160046,72,0.1,30,1
7,PubID_114,V06,06_01,PubID_114_V06_01_005.fcs,GT8++noKO,IgD-IgG+,62.7000007629395,114687.796875,165,95767,0.0017229316988106,184,0.3,19,1
8,PubID_114,V06,06_01,PubID_114_V06_01_005.fcs,GT8++KO-,GT8++noKO,62.7000007629395,114687.796875,42,165,0.254545454545455,73,39.7,31,1
