,PTID,VISIT,Tube Name,name,Population,Parent,Min_Time,Max_Time,Count,ParentCount,proportion,count_diva,proportion_diva,count_diff,correlation
0,PubID_030,V07,07_01,PubID_030_V07_01_006.fcs,Lymphocytes,root,30.7000007629395,127878.1015625,4833385,5477513,0.882405025784512,2050710,88.2,2782675,0.979088068244196
1,PubID_030,V07,07_01,PubID_030_V07_01_006.fcs,Singlets,Lymphocytes,30.7000007629395,127878.1015625,4786284,4833385,0.990255069687186,2030043,99.0,2756241,0.979088068244196
2,PubID_030,V07,07_01,PubID_030_V07_01_006.fcs,Live|Dump-,Singlets,30.7000007629395,127878.1015625,4703858,4786284,0.982778706821409,1996907,98.4,2706951,0.979088068244196
3,PubID_030,V07,07_01,PubID_030_V07_01_006.fcs,CD19+CD20+,Live|Dump-,30.7000007629395,127878.1015625,2604092,4703858,0.55360769819157,1114885,55.8,1489207,0.979088068244196
4,PubID_030,V07,07_01,PubID_030_V07_01_006.fcs,IgD-IgG+,CD19+CD20+,30.7000007629395,127878.1015625,625852,2604092,0.240334058858136,266313,23.9,359539,0.979088068244196
5,PubID_030,V07,07_01,PubID_030_V07_01_006.fcs,eODKO11-,IgD-IgG+,30.7000007629395,127878.1015625,623419,625852,0.996112499440762,265251,99.6,358168,0.979088068244196
6,PubID_030,V07,07_01,PubID_030_V07_01_006.fcs,eODGT8Double+,eODKO11-,30.7000007629395,127878.1015625,1,623419,1.60405762416609e-06,0,0.0,1,0.979088068244196
7,PubID_030,V07,07_01,PubID_030_V07_01_006.fcs,GT8++noKO,IgD-IgG+,30.7000007629395,127878.1015625,3,625852,4.79346554776529e-06,2,0.0,1,0.979088068244196
8,PubID_030,V07,07_01,PubID_030_V07_01_006.fcs,GT8++KO-,GT8++noKO,30.7000007629395,127878.1015625,2,3,0.666666666666667,1,50.0,1,0.979088068244196
