,PTID,VISIT,Tube Name,name,Population,Parent,Min_Time,Max_Time,Count,ParentCount,proportion,count_diva,proportion_diva,count_diff,correlation
0,PubID_030,V06,06_01,PubID_030_V06_01_005.fcs,Lymphocytes,root,61.5999984741211,158825.59375,6318329,7111186,0.888505658549783,2063129,88.7,4255200,0.828459134668166
1,PubID_030,V06,06_01,PubID_030_V06_01_005.fcs,Singlets,Lymphocytes,61.5999984741211,158825.59375,6245919,6318329,0.988539691427908,2038962,98.8,4206957,0.828459134668166
2,PubID_030,V06,06_01,PubID_030_V06_01_005.fcs,Live|Dump-,Singlets,61.5999984741211,158825.59375,6140503,6245919,0.983122419615112,2007260,98.4,4133243,0.828459134668166
3,PubID_030,V06,06_01,PubID_030_V06_01_005.fcs,CD19+CD20+,Live|Dump-,61.5999984741211,158825.59375,3224963,6140503,0.525195248662854,1063343,53.0,2161620,0.828459134668166
4,PubID_030,V06,06_01,PubID_030_V06_01_005.fcs,IgD-IgG+,CD19+CD20+,61.5999984741211,158825.59375,787966,3224963,0.244333345839937,256533,24.1,531433,0.828459134668166
5,PubID_030,V06,06_01,PubID_030_V06_01_005.fcs,eODKO11-,IgD-IgG+,61.5999984741211,158825.59375,784187,787966,0.995204107791453,255227,99.5,528960,0.828459134668166
6,PubID_030,V06,06_01,PubID_030_V06_01_005.fcs,eODGT8Double+,eODKO11-,61.5999984741211,158825.59375,7,784187,8.92644228991299e-06,4,0.0,3,0.828459134668166
7,PubID_030,V06,06_01,PubID_030_V06_01_005.fcs,GT8++noKO,IgD-IgG+,61.5999984741211,158825.59375,8,787966,1.01527223255826e-05,4,0.0,4,0.828459134668166
8,PubID_030,V06,06_01,PubID_030_V06_01_005.fcs,GT8++KO-,GT8++noKO,61.5999984741211,158825.59375,7,8,0.875,4,100.0,3,0.828459134668166
