,PTID,VISIT,Tube Name,name,Population,Parent,Min_Time,Max_Time,Count,ParentCount,proportion,count_diva,proportion_diva,count_diff,correlation
0,PubID_064,V06,06_01,PubID_064_V06_01_005.fcs,Lymphocytes,root,51,237840.5,3896119,4437630,0.877972926990308,2040885,87.8,1855234,1
1,PubID_064,V06,06_01,PubID_064_V06_01_005.fcs,Singlets,Lymphocytes,51,237840.5,3890249,3896119,0.998493372507359,2037937,99.9,1852312,1
2,PubID_064,V06,06_01,PubID_064_V06_01_005.fcs,Live|Dump-,Singlets,51,237840.5,3796636,3890249,0.975936501750916,1991422,97.7,1805214,1
3,PubID_064,V06,06_01,PubID_064_V06_01_005.fcs,CD19+CD20+,Live|Dump-,51,237840.5,1590147,3796636,0.418830512063838,841694,42.3,748453,1
4,PubID_064,V06,06_01,PubID_064_V06_01_005.fcs,IgD-IgG+,CD19+CD20+,51,237840.5,258502,1590147,0.162564844633861,136704,16.2,121798,1
5,PubID_064,V06,06_01,PubID_064_V06_01_005.fcs,eODKO11-,IgD-IgG+,51,237840.5,256259,258502,0.991323084540932,135468,99.1,120791,1
6,PubID_064,V06,06_01,PubID_064_V06_01_005.fcs,eODGT8Double+,eODKO11-,51,237840.5,414,256259,0.0016155530147233,201,0.1,213,1
7,PubID_064,V06,06_01,PubID_064_V06_01_005.fcs,GT8++noKO,IgD-IgG+,51,237840.5,1399,258502,0.0054119503910994,769,0.6,630,1
8,PubID_064,V06,06_01,PubID_064_V06_01_005.fcs,GT8++KO-,GT8++noKO,51,237840.5,416,1399,0.29735525375268,204,26.5,212,1
