,PTID,VISIT,Tube Name,name,Population,Parent,Min_Time,Max_Time,Count,ParentCount,proportion,count_diva,proportion_diva,count_diff,correlation
0,PubID_030,V10,10_01,PubID_030_V10_01_008.fcs,Lymphocytes,root,51.2000007629395,142121.59375,5484961,6510512,0.842477673030938,1952227,84.0,3532734,0.949288905069135
1,PubID_030,V10,10_01,PubID_030_V10_01_008.fcs,Singlets,Lymphocytes,51.2000007629395,142121.59375,5423865,5484961,0.988861178775929,1928584,98.8,3495281,0.949288905069135
2,PubID_030,V10,10_01,PubID_030_V10_01_008.fcs,Live|Dump-,Singlets,51.2000007629395,142121.59375,5348151,5423865,0.986040581762267,1902959,98.7,3445192,0.949288905069135
3,PubID_030,V10,10_01,PubID_030_V10_01_008.fcs,CD19+CD20+,Live|Dump-,51.2000007629395,142121.59375,2933009,5348151,0.54841551781167,1051159,55.2,1881850,0.949288905069135
4,PubID_030,V10,10_01,PubID_030_V10_01_008.fcs,IgD-IgG+,CD19+CD20+,51.2000007629395,142121.59375,694552,2933009,0.236805274037686,246963,23.5,447589,0.949288905069135
5,PubID_030,V10,10_01,PubID_030_V10_01_008.fcs,eODKO11-,IgD-IgG+,51.2000007629395,142121.59375,690057,694552,0.99352820235202,245304,99.3,444753,0.949288905069135
6,PubID_030,V10,10_01,PubID_030_V10_01_008.fcs,eODGT8Double+,eODKO11-,51.2000007629395,142121.59375,2,690057,2.89831129892168e-06,0,0.0,2,0.949288905069135
7,PubID_030,V10,10_01,PubID_030_V10_01_008.fcs,GT8++noKO,IgD-IgG+,51.2000007629395,142121.59375,5,694552,7.19888503668552e-06,1,0.0,4,0.949288905069135
8,PubID_030,V10,10_01,PubID_030_V10_01_008.fcs,GT8++KO-,GT8++noKO,51.2000007629395,142121.59375,2,5,0.4,0,0.0,2,0.949288905069135
