,PTID,VISIT,Tube Name,name,Population,Parent,Min_Time,Max_Time,Count,ParentCount,proportion,count_diva,proportion_diva,count_diff,correlation
0,PubID_152,V10,10_01,PubID_152_V10_01_008.fcs,Lymphocytes,root,50.4000015258789,121273,4648113,5401207,0.860569313488633,1999867,86.0,2648246,0.525499215306128
1,PubID_152,V10,10_01,PubID_152_V10_01_008.fcs,Singlets,Lymphocytes,50.4000015258789,121273,4617911,4648113,0.993502309431806,1986138,99.3,2631773,0.525499215306128
2,PubID_152,V10,10_01,PubID_152_V10_01_008.fcs,Live|Dump-,Singlets,50.4000015258789,121273,4456353,4617911,0.965014916918061,1917606,96.5,2538747,0.525499215306128
3,PubID_152,V10,10_01,PubID_152_V10_01_008.fcs,CD19+CD20+,Live|Dump-,50.4000015258789,121273,3915406,4456353,0.878612174574142,1696804,88.5,2218602,0.525499215306128
4,PubID_152,V10,10_01,PubID_152_V10_01_008.fcs,IgD-IgG+,CD19+CD20+,50.4000015258789,121273,280226,3915406,0.0715701002654642,120127,7.1,160099,0.525499215306128
5,PubID_152,V10,10_01,PubID_152_V10_01_008.fcs,eODKO11-,IgD-IgG+,50.4000015258789,121273,277332,280226,0.989672621384168,118854,98.9,158478,0.525499215306128
6,PubID_152,V10,10_01,PubID_152_V10_01_008.fcs,eODGT8Double+,eODKO11-,50.4000015258789,121273,1,277332,3.60578656628157e-06,0,0.0,1,0.525499215306128
7,PubID_152,V10,10_01,PubID_152_V10_01_008.fcs,GT8++noKO,IgD-IgG+,50.4000015258789,121273,1,280226,3.5685482432037e-06,0,0.0,1,0.525499215306128
8,PubID_152,V10,10_01,PubID_152_V10_01_008.fcs,GT8++KO-,GT8++noKO,50.4000015258789,121273,1,1,1.0,0,0.0,1,0.525499215306128
