,PTID,VISIT,Tube Name,name,Population,Parent,Min_Time,Max_Time,Count,ParentCount,proportion,count_diva,proportion_diva,count_diff,correlation
0,PubID_064,V08,08_01,PubID_064_V08_01_007.fcs,Lymphocytes,root,61,100255.703125,1033300,1137780,0.908172054351456,1033619,90.8,319,1
1,PubID_064,V08,08_01,PubID_064_V08_01_007.fcs,Singlets,Lymphocytes,61,100255.703125,1031836,1033300,0.998583180102584,1032097,99.9,261,1
2,PubID_064,V08,08_01,PubID_064_V08_01_007.fcs,Live|Dump-,Singlets,61,100255.703125,1015060,1031836,0.98374160234766,1016257,98.5,1197,1
3,PubID_064,V08,08_01,PubID_064_V08_01_007.fcs,CD19+CD20+,Live|Dump-,61,100255.703125,332102,1015060,0.327174748290741,337250,33.2,5148,1
4,PubID_064,V08,08_01,PubID_064_V08_01_007.fcs,IgD-IgG+,CD19+CD20+,61,100255.703125,89421,332102,0.269257637713714,89790,26.6,369,1
5,PubID_064,V08,08_01,PubID_064_V08_01_007.fcs,eODKO11-,IgD-IgG+,61,100255.703125,84224,89421,0.941881660907393,84498,94.1,274,1
6,PubID_064,V08,08_01,PubID_064_V08_01_007.fcs,eODGT8Double+,eODKO11-,61,100255.703125,573,84224,0.0068032864741641,583,0.7,10,1
7,PubID_064,V08,08_01,PubID_064_V08_01_007.fcs,GT8++noKO,IgD-IgG+,61,100255.703125,5380,89421,0.0601648382371031,5484,6.1,104,1
8,PubID_064,V08,08_01,PubID_064_V08_01_007.fcs,GT8++KO-,GT8++noKO,61,100255.703125,578,5380,0.107434944237918,589,10.7,11,1
