,PTID,VISIT,Tube Name,name,Population,Parent,Min_Time,Max_Time,Count,ParentCount,proportion,count_diva,proportion_diva,count_diff,correlation
0,PubID_032,V08,08_01,PubID_032_V08_01_007.fcs,Lymphocytes,root,32.0999984741211,167019.796875,1042137,1180266,0.882967907234471,1042784,88.4,647,1
1,PubID_032,V08,08_01,PubID_032_V08_01_007.fcs,Singlets,Lymphocytes,32.0999984741211,167019.796875,1035844,1042137,0.993961446527664,1036265,99.4,421,1
2,PubID_032,V08,08_01,PubID_032_V08_01_007.fcs,Live|Dump-,Singlets,32.0999984741211,167019.796875,1007964,1035844,0.973084750213353,1009364,97.4,1400,1
3,PubID_032,V08,08_01,PubID_032_V08_01_007.fcs,CD19+CD20+,Live|Dump-,32.0999984741211,167019.796875,666460,1007964,0.661194249000956,670496,66.4,4036,1
4,PubID_032,V08,08_01,PubID_032_V08_01_007.fcs,IgD-IgG+,CD19+CD20+,32.0999984741211,167019.796875,116268,666460,0.174456081385229,116751,17.4,483,1
5,PubID_032,V08,08_01,PubID_032_V08_01_007.fcs,eODKO11-,IgD-IgG+,32.0999984741211,167019.796875,111892,116268,0.962362816940173,112243,96.1,351,1
6,PubID_032,V08,08_01,PubID_032_V08_01_007.fcs,eODGT8Double+,eODKO11-,32.0999984741211,167019.796875,709,111892,0.006336467307761,740,0.7,31,1
7,PubID_032,V08,08_01,PubID_032_V08_01_007.fcs,GT8++noKO,IgD-IgG+,32.0999984741211,167019.796875,4112,116268,0.0353665668971686,4278,3.7,166,1
8,PubID_032,V08,08_01,PubID_032_V08_01_007.fcs,GT8++KO-,GT8++noKO,32.0999984741211,167019.796875,696,4112,0.169260700389105,724,16.9,28,1
