,PTID,VISIT,Tube Name,name,Population,Parent,Min_Time,Max_Time,Count,ParentCount,proportion,count_diva,proportion_diva,count_diff,correlation
0,PubID_032,V07,07_01,PubID_032_V07_01_006.fcs,Lymphocytes,root,50,145293.09375,2022000,2329607,0.867957556789622,2019168,86.8,2832,1
1,PubID_032,V07,07_01,PubID_032_V07_01_006.fcs,Singlets,Lymphocytes,50,145293.09375,2014676,2022000,0.99637784371909,2011624,99.6,3052,1
2,PubID_032,V07,07_01,PubID_032_V07_01_006.fcs,Live|Dump-,Singlets,50,145293.09375,1956133,2014676,0.970941729588281,1955834,97.2,299,1
3,PubID_032,V07,07_01,PubID_032_V07_01_006.fcs,CD19+CD20+,Live|Dump-,50,145293.09375,1419230,1956133,0.725528376649236,1421831,72.7,2601,1
4,PubID_032,V07,07_01,PubID_032_V07_01_006.fcs,IgD-IgG+,CD19+CD20+,50,145293.09375,190958,1419230,0.134550425230583,191071,13.4,113,1
5,PubID_032,V07,07_01,PubID_032_V07_01_006.fcs,eODKO11-,IgD-IgG+,50,145293.09375,189984,190958,0.994899401962735,190082,99.5,98,1
6,PubID_032,V07,07_01,PubID_032_V07_01_006.fcs,eODGT8Double+,eODKO11-,50,145293.09375,148,189984,0.0007790129695132,151,0.1,3,1
7,PubID_032,V07,07_01,PubID_032_V07_01_006.fcs,GT8++noKO,IgD-IgG+,50,145293.09375,509,190958,0.0026655075985295,515,0.3,6,1
8,PubID_032,V07,07_01,PubID_032_V07_01_006.fcs,GT8++KO-,GT8++noKO,50,145293.09375,141,509,0.277013752455796,144,28.0,3,1
