,PTID,VISIT,Tube Name,name,Population,Parent,Min_Time,Max_Time,Count,ParentCount,proportion,count_diva,proportion_diva,count_diff,correlation
0,PubID_014,V07,07_01,PubID_014_V07_01_006.fcs,Lymphocytes,root,171.199996948242,176728,2474445,2894476,0.854885305664998,1922845,85.5,551600,0.99582461641931
1,PubID_014,V07,07_01,PubID_014_V07_01_006.fcs,Singlets,Lymphocytes,171.199996948242,176728,2470535,2474445,0.998419847683016,1919756,99.8,550779,0.99582461641931
2,PubID_014,V07,07_01,PubID_014_V07_01_006.fcs,Live|Dump-,Singlets,171.199996948242,176728,2408403,2470535,0.974850791427768,1872795,97.6,535608,0.99582461641931
3,PubID_014,V07,07_01,PubID_014_V07_01_006.fcs,CD19+CD20+,Live|Dump-,171.199996948242,176728,2230278,2408403,0.926040201743645,1729362,92.3,500916,0.99582461641931
4,PubID_014,V07,07_01,PubID_014_V07_01_006.fcs,IgD-IgG+,CD19+CD20+,171.199996948242,176728,393811,2230278,0.176574848516642,307225,17.8,86586,0.99582461641931
5,PubID_014,V07,07_01,PubID_014_V07_01_006.fcs,eODKO11-,IgD-IgG+,171.199996948242,176728,388125,393811,0.985561601885168,302910,98.6,85215,0.99582461641931
6,PubID_014,V07,07_01,PubID_014_V07_01_006.fcs,eODGT8Double+,eODKO11-,171.199996948242,176728,22,388125,5.6682769726248e-05,20,0.0,2,0.99582461641931
7,PubID_014,V07,07_01,PubID_014_V07_01_006.fcs,GT8++noKO,IgD-IgG+,171.199996948242,176728,82,393811,0.0002082217104143,69,0.0,13,0.99582461641931
8,PubID_014,V07,07_01,PubID_014_V07_01_006.fcs,GT8++KO-,GT8++noKO,171.199996948242,176728,22,82,0.268292682926829,19,27.5,3,0.99582461641931
