,PTID,VISIT,Tube Name,name,Population,Parent,Min_Time,Max_Time,Count,ParentCount,proportion,count_diva,proportion_diva,count_diff,correlation
0,PubID_092,V10,10_01,PubID_092_V10_01_008.fcs,Lymphocytes,root,60.7999992370605,176551.203125,2544764,3258484,0.780965626960267,1817576,78.2,727188,1
1,PubID_092,V10,10_01,PubID_092_V10_01_008.fcs,Singlets,Lymphocytes,60.7999992370605,176551.203125,2531822,2544764,0.994914263169394,1807981,99.5,723841,1
2,PubID_092,V10,10_01,PubID_092_V10_01_008.fcs,Live|Dump-,Singlets,60.7999992370605,176551.203125,2410792,2531822,0.952196481427209,1724816,95.4,685976,1
3,PubID_092,V10,10_01,PubID_092_V10_01_008.fcs,CD19+CD20+,Live|Dump-,60.7999992370605,176551.203125,1192651,2410792,0.494713355610936,858552,49.8,334099,1
4,PubID_092,V10,10_01,PubID_092_V10_01_008.fcs,IgD-IgG+,CD19+CD20+,60.7999992370605,176551.203125,453178,1192651,0.379975365802737,325129,37.9,128049,1
5,PubID_092,V10,10_01,PubID_092_V10_01_008.fcs,eODKO11-,IgD-IgG+,60.7999992370605,176551.203125,447539,453178,0.987556765774155,321306,98.8,126233,1
6,PubID_092,V10,10_01,PubID_092_V10_01_008.fcs,eODGT8Double+,eODKO11-,60.7999992370605,176551.203125,477,447539,0.0010658288998277,327,0.1,150,1
7,PubID_092,V10,10_01,PubID_092_V10_01_008.fcs,GT8++noKO,IgD-IgG+,60.7999992370605,176551.203125,1637,453178,0.0036122671444774,1223,0.4,414,1
8,PubID_092,V10,10_01,PubID_092_V10_01_008.fcs,GT8++KO-,GT8++noKO,60.7999992370605,176551.203125,476,1637,0.290775809407453,326,26.7,150,1
