,PTID,VISIT,Tube Name,name,Population,Parent,Min_Time,Max_Time,Count,ParentCount,proportion,count_diva,proportion_diva,count_diff,correlation
0,PubID_059,V10,10_01,PubID_059_V10_01_008.fcs,Lymphocytes,root,51.5999984741211,191120.5,5755316,6302946,0.913115232146999,2132629,91.7,3622687,1
1,PubID_059,V10,10_01,PubID_059_V10_01_008.fcs,Singlets,Lymphocytes,51.5999984741211,191120.5,5723814,5755316,0.994526451718724,2123645,99.6,3600169,1
2,PubID_059,V10,10_01,PubID_059_V10_01_008.fcs,Live|Dump-,Singlets,51.5999984741211,191120.5,5588173,5723814,0.976302339663728,2076494,97.8,3511679,1
3,PubID_059,V10,10_01,PubID_059_V10_01_008.fcs,CD19+CD20+,Live|Dump-,51.5999984741211,191120.5,2324761,5588173,0.416014500624802,884005,42.6,1440756,1
4,PubID_059,V10,10_01,PubID_059_V10_01_008.fcs,IgD-IgG+,CD19+CD20+,51.5999984741211,191120.5,598873,2324761,0.257606265762373,224033,25.3,374840,1
5,PubID_059,V10,10_01,PubID_059_V10_01_008.fcs,eODKO11-,IgD-IgG+,51.5999984741211,191120.5,589164,598873,0.983787881570884,220236,98.3,368928,1
6,PubID_059,V10,10_01,PubID_059_V10_01_008.fcs,eODGT8Double+,eODKO11-,51.5999984741211,191120.5,273,589164,0.0004633684339165,106,0.0,167,1
7,PubID_059,V10,10_01,PubID_059_V10_01_008.fcs,GT8++noKO,IgD-IgG+,51.5999984741211,191120.5,4910,598873,0.008198733287358,2015,0.9,2895,1
8,PubID_059,V10,10_01,PubID_059_V10_01_008.fcs,GT8++KO-,GT8++noKO,51.5999984741211,191120.5,275,4910,0.0560081466395112,106,5.3,169,1
