,PTID,VISIT,Tube Name,name,Population,Parent,Min_Time,Max_Time,Count,ParentCount,proportion,count_diva,proportion_diva,count_diff,correlation
0,PubID_059,V06,06_01,PubID_059_V06_01_005.fcs,Lymphocytes,root,51.4000015258789,165180.296875,3880134,4513210,0.859728220047372,2001787,86.1,1878347,1
1,PubID_059,V06,06_01,PubID_059_V06_01_005.fcs,Singlets,Lymphocytes,51.4000015258789,165180.296875,3860652,3880134,0.994979039383691,1992379,99.5,1868273,1
2,PubID_059,V06,06_01,PubID_059_V06_01_005.fcs,Live|Dump-,Singlets,51.4000015258789,165180.296875,3777280,3860652,0.97840468397566,1953272,98.0,1824008,1
3,PubID_059,V06,06_01,PubID_059_V06_01_005.fcs,CD19+CD20+,Live|Dump-,51.4000015258789,165180.296875,1770804,3777280,0.468804007116232,929726,47.6,841078,1
4,PubID_059,V06,06_01,PubID_059_V06_01_005.fcs,IgD-IgG+,CD19+CD20+,51.4000015258789,165180.296875,457082,1770804,0.258121169818907,236958,25.5,220124,1
5,PubID_059,V06,06_01,PubID_059_V06_01_005.fcs,eODKO11-,IgD-IgG+,51.4000015258789,165180.296875,451707,457082,0.988240622032808,234199,98.8,217508,1
6,PubID_059,V06,06_01,PubID_059_V06_01_005.fcs,eODGT8Double+,eODKO11-,51.4000015258789,165180.296875,136,451707,0.0003010801249482,67,0.0,69,1
7,PubID_059,V06,06_01,PubID_059_V06_01_005.fcs,GT8++noKO,IgD-IgG+,51.4000015258789,165180.296875,496,457082,0.0010851444598562,244,0.1,252,1
8,PubID_059,V06,06_01,PubID_059_V06_01_005.fcs,GT8++KO-,GT8++noKO,51.4000015258789,165180.296875,138,496,0.278225806451613,68,27.9,70,1
