,PTID,VISIT,Tube Name,name,Population,Parent,Min_Time,Max_Time,Count,ParentCount,proportion,count_diva,proportion_diva,count_diff,correlation
0,PubID_064,V10,10_01,PubID_064_V10_01_008.fcs,Lymphocytes,root,30.7000007629395,204107.203125,2661246,3116677,0.853872890902715,1984876,85.4,676370,1
1,PubID_064,V10,10_01,PubID_064_V10_01_008.fcs,Singlets,Lymphocytes,30.7000007629395,204107.203125,2657899,2661246,0.998742318447825,1982374,99.9,675525,1
2,PubID_064,V10,10_01,PubID_064_V10_01_008.fcs,Live|Dump-,Singlets,30.7000007629395,204107.203125,2609991,2657899,0.981975236831798,1948736,98.3,661255,1
3,PubID_064,V10,10_01,PubID_064_V10_01_008.fcs,CD19+CD20+,Live|Dump-,30.7000007629395,204107.203125,1075047,2609991,0.411896822632722,807875,41.5,267172,1
4,PubID_064,V10,10_01,PubID_064_V10_01_008.fcs,IgD-IgG+,CD19+CD20+,30.7000007629395,204107.203125,176731,1075047,0.164393742785199,131831,16.3,44900,1
5,PubID_064,V10,10_01,PubID_064_V10_01_008.fcs,eODKO11-,IgD-IgG+,30.7000007629395,204107.203125,172309,176731,0.974978922769633,128528,97.5,43781,1
6,PubID_064,V10,10_01,PubID_064_V10_01_008.fcs,eODGT8Double+,eODKO11-,30.7000007629395,204107.203125,449,172309,0.0026057837953908,344,0.3,105,1
7,PubID_064,V10,10_01,PubID_064_V10_01_008.fcs,GT8++noKO,IgD-IgG+,30.7000007629395,204107.203125,3898,176731,0.0220561191867867,2958,2.2,940,1
8,PubID_064,V10,10_01,PubID_064_V10_01_008.fcs,GT8++KO-,GT8++noKO,30.7000007629395,204107.203125,451,3898,0.115700359158543,350,11.8,101,1
