,PTID,VISIT,Tube Name,name,Population,Parent,Min_Time,Max_Time,Count,ParentCount,proportion,count_diva,proportion_diva,count_diff,correlation
0,PubID_014,V06,06_01,PubID_014_V06_01_005.fcs,Lymphocytes,root,52.0999984741211,97941.203125,2209870,2577196,0.857470677433924,1929422,85.8,280448,1
1,PubID_014,V06,06_01,PubID_014_V06_01_005.fcs,Singlets,Lymphocytes,52.0999984741211,97941.203125,2204047,2209870,0.997365003371239,1924246,99.7,279801,1
2,PubID_014,V06,06_01,PubID_014_V06_01_005.fcs,Live|Dump-,Singlets,52.0999984741211,97941.203125,2148971,2204047,0.975011422170217,1878758,97.6,270213,1
3,PubID_014,V06,06_01,PubID_014_V06_01_005.fcs,CD19+CD20+,Live|Dump-,52.0999984741211,97941.203125,1926350,2148971,0.896405768156015,1680300,89.4,246050,1
4,PubID_014,V06,06_01,PubID_014_V06_01_005.fcs,IgD-IgG+,CD19+CD20+,52.0999984741211,97941.203125,329357,1926350,0.170974641160744,287872,17.1,41485,1
5,PubID_014,V06,06_01,PubID_014_V06_01_005.fcs,eODKO11-,IgD-IgG+,52.0999984741211,97941.203125,323133,329357,0.981102572588407,282588,98.2,40545,1
6,PubID_014,V06,06_01,PubID_014_V06_01_005.fcs,eODGT8Double+,eODKO11-,52.0999984741211,97941.203125,49,323133,0.0001516403462351,46,0.0,3,1
7,PubID_014,V06,06_01,PubID_014_V06_01_005.fcs,GT8++noKO,IgD-IgG+,52.0999984741211,97941.203125,174,329357,0.000528302115941,164,0.1,10,1
8,PubID_014,V06,06_01,PubID_014_V06_01_005.fcs,GT8++KO-,GT8++noKO,52.0999984741211,97941.203125,49,174,0.281609195402299,46,28.0,3,1
