,PTID,VISIT,Tube Name,name,Population,Parent,Min_Time,Max_Time,Count,ParentCount,proportion,count_diva,proportion_diva,count_diff,correlation
0,PubID_198,V10,10_01,PubID_198_V10_01_009.fcs,Lymphocytes,root,52,144797.203125,5447427,6266659,0.86927132942769,2028064,87.2,3419363,0.99582461641931
1,PubID_198,V10,10_01,PubID_198_V10_01_009.fcs,Singlets,Lymphocytes,52,144797.203125,5417120,5447427,0.994436455963522,2017765,99.5,3399355,0.99582461641931
2,PubID_198,V10,10_01,PubID_198_V10_01_009.fcs,Live|Dump-,Singlets,52,144797.203125,5308220,5417120,0.979897067076232,1975548,97.9,3332672,0.99582461641931
3,PubID_198,V10,10_01,PubID_198_V10_01_009.fcs,CD19+CD20+,Live|Dump-,52,144797.203125,2246572,5308220,0.423225111242563,838744,42.5,1407828,0.99582461641931
4,PubID_198,V10,10_01,PubID_198_V10_01_009.fcs,IgD-IgG+,CD19+CD20+,52,144797.203125,508693,2246572,0.226430757616493,188705,22.5,319988,0.99582461641931
5,PubID_198,V10,10_01,PubID_198_V10_01_009.fcs,eODKO11-,IgD-IgG+,52,144797.203125,480855,508693,0.945275441179651,179111,94.9,301744,0.99582461641931
6,PubID_198,V10,10_01,PubID_198_V10_01_009.fcs,eODGT8Double+,eODKO11-,52,144797.203125,5,480855,1.03981449709372e-05,1,0.0,4,0.99582461641931
7,PubID_198,V10,10_01,PubID_198_V10_01_009.fcs,GT8++noKO,IgD-IgG+,52,144797.203125,14,508693,2.75215110095873e-05,3,0.0,11,0.99582461641931
8,PubID_198,V10,10_01,PubID_198_V10_01_009.fcs,GT8++KO-,GT8++noKO,52,144797.203125,5,14,0.357142857142857,1,33.3,4,0.99582461641931
