,PTID,VISIT,Tube Name,name,Population,Parent,Min_Time,Max_Time,Count,ParentCount,proportion,count_diva,proportion_diva,count_diff,correlation
0,PubID_117,V06,06_01,PubID_117_V06_01_005.fcs,Lymphocytes,root,61.7000007629395,256956.703125,2769456,3252575,0.851465684880441,1977928,85.1,791528,1
1,PubID_117,V06,06_01,PubID_117_V06_01_005.fcs,Singlets,Lymphocytes,61.7000007629395,256956.703125,2767342,2769456,0.999236673195025,1976438,99.9,790904,1
2,PubID_117,V06,06_01,PubID_117_V06_01_005.fcs,Live|Dump-,Singlets,61.7000007629395,256956.703125,2699266,2767342,0.975400221584466,1929345,97.6,769921,1
3,PubID_117,V06,06_01,PubID_117_V06_01_005.fcs,CD19+CD20+,Live|Dump-,61.7000007629395,256956.703125,2373177,2699266,0.879193454813271,1696016,87.9,677161,1
4,PubID_117,V06,06_01,PubID_117_V06_01_005.fcs,IgD-IgG+,CD19+CD20+,61.7000007629395,256956.703125,363843,2373177,0.15331473379356,260364,15.4,103479,1
5,PubID_117,V06,06_01,PubID_117_V06_01_005.fcs,eODKO11-,IgD-IgG+,61.7000007629395,256956.703125,360999,363843,0.99218344175922,258300,99.2,102699,1
6,PubID_117,V06,06_01,PubID_117_V06_01_005.fcs,eODGT8Double+,eODKO11-,61.7000007629395,256956.703125,577,360999,0.0015983423776797,422,0.2,155,1
7,PubID_117,V06,06_01,PubID_117_V06_01_005.fcs,GT8++noKO,IgD-IgG+,61.7000007629395,256956.703125,1605,363843,0.0044112433109885,1188,0.5,417,1
8,PubID_117,V06,06_01,PubID_117_V06_01_005.fcs,GT8++KO-,GT8++noKO,61.7000007629395,256956.703125,569,1605,0.354517133956386,415,34.9,154,1
