,PTID,VISIT,Tube Name,name,Population,Parent,Min_Time,Max_Time,Count,ParentCount,proportion,count_diva,proportion_diva,count_diff,correlation
0,PubID_092,V08,08_01,PubID_092_V08_01_007.fcs,Lymphocytes,root,61.0999984741211,137034.90625,1767071,2006383,0.880724667224553,1768170,88.1,1099,1
1,PubID_092,V08,08_01,PubID_092_V08_01_007.fcs,Singlets,Lymphocytes,61.0999984741211,137034.90625,1758174,1767071,0.994965114587925,1758927,99.5,753,1
2,PubID_092,V08,08_01,PubID_092_V08_01_007.fcs,Live|Dump-,Singlets,61.0999984741211,137034.90625,1708629,1758174,0.971820195270775,1711208,97.3,2579,1
3,PubID_092,V08,08_01,PubID_092_V08_01_007.fcs,CD19+CD20+,Live|Dump-,61.0999984741211,137034.90625,706876,1708629,0.413709471160796,713938,41.7,7062,1
4,PubID_092,V08,08_01,PubID_092_V08_01_007.fcs,IgD-IgG+,CD19+CD20+,61.0999984741211,137034.90625,304871,706876,0.431293465897838,306243,42.9,1372,1
5,PubID_092,V08,08_01,PubID_092_V08_01_007.fcs,eODKO11-,IgD-IgG+,61.0999984741211,137034.90625,299054,304871,0.98091979886575,300688,98.2,1634,1
6,PubID_092,V08,08_01,PubID_092_V08_01_007.fcs,eODGT8Double+,eODKO11-,61.0999984741211,137034.90625,642,299054,0.0021467694797595,663,0.2,21,1
7,PubID_092,V08,08_01,PubID_092_V08_01_007.fcs,GT8++noKO,IgD-IgG+,61.0999984741211,137034.90625,2801,304871,0.0091874924148246,2968,1.0,167,1
8,PubID_092,V08,08_01,PubID_092_V08_01_007.fcs,GT8++KO-,GT8++noKO,61.0999984741211,137034.90625,643,2801,0.229560871117458,668,22.5,25,1
