,PTID,VISIT,Tube Name,name,Population,Parent,Min_Time,Max_Time,Count,ParentCount,proportion,count_diva,proportion_diva,count_diff,correlation
0,PubID_016,V10,10_01,PubID_016_V10_01_008.fcs,Lymphocytes,root,30.8999996185303,50912.30078125,2797563,3617380,0.773367188407079,1794772,77.2,1002791,1
1,PubID_016,V10,10_01,PubID_016_V10_01_008.fcs,Singlets,Lymphocytes,30.8999996185303,50912.30078125,2761802,2797563,0.98721708858746,1771313,98.7,990489,1
2,PubID_016,V10,10_01,PubID_016_V10_01_008.fcs,Live|Dump-,Singlets,30.8999996185303,50912.30078125,2703697,2761802,0.978961199970164,1735911,98.0,967786,1
3,PubID_016,V10,10_01,PubID_016_V10_01_008.fcs,CD19+CD20+,Live|Dump-,30.8999996185303,50912.30078125,2343949,2703697,0.866942190637486,1503922,86.6,840027,1
4,PubID_016,V10,10_01,PubID_016_V10_01_008.fcs,IgD-IgG+,CD19+CD20+,30.8999996185303,50912.30078125,123715,2343949,0.052780585243109,80264,5.3,43451,1
5,PubID_016,V10,10_01,PubID_016_V10_01_008.fcs,eODKO11-,IgD-IgG+,30.8999996185303,50912.30078125,120286,123715,0.97228306995918,78180,97.4,42106,1
6,PubID_016,V10,10_01,PubID_016_V10_01_008.fcs,eODGT8Double+,eODKO11-,30.8999996185303,50912.30078125,0,120286,0.0,0,0.0,0,1
7,PubID_016,V10,10_01,PubID_016_V10_01_008.fcs,GT8++noKO,IgD-IgG+,30.8999996185303,50912.30078125,0,123715,0.0,0,0.0,0,1
8,PubID_016,V10,10_01,PubID_016_V10_01_008.fcs,GT8++KO-,GT8++noKO,30.8999996185303,50912.30078125,0,0,0.0,0,0.0,0,1
