,PTID,VISIT,Tube Name,name,Population,Parent,Min_Time,Max_Time,Count,ParentCount,proportion,count_diva,proportion_diva,count_diff,correlation
0,PubID_198,V07,07_01,PubID_198_V07_01_007.fcs,Lymphocytes,root,51.2000007629395,132586.296875,3942832,4449142,0.886200530349447,2067408,88.9,1875424,0.828459134668166
1,PubID_198,V07,07_01,PubID_198_V07_01_007.fcs,Singlets,Lymphocytes,51.2000007629395,132586.296875,3874978,3942832,0.982790542432444,2010903,97.3,1864075,0.828459134668166
2,PubID_198,V07,07_01,PubID_198_V07_01_007.fcs,Live|Dump-,Singlets,51.2000007629395,132586.296875,3831078,3874978,0.988670903421903,1986988,98.8,1844090,0.828459134668166
3,PubID_198,V07,07_01,PubID_198_V07_01_007.fcs,CD19+CD20+,Live|Dump-,51.2000007629395,132586.296875,1877458,3831078,0.490059977896561,974808,49.1,902650,0.828459134668166
4,PubID_198,V07,07_01,PubID_198_V07_01_007.fcs,IgD-IgG+,CD19+CD20+,51.2000007629395,132586.296875,374172,1877458,0.199297134742828,194419,19.9,179753,0.828459134668166
5,PubID_198,V07,07_01,PubID_198_V07_01_007.fcs,eODKO11-,IgD-IgG+,51.2000007629395,132586.296875,353766,374172,0.945463583592572,184515,94.9,169251,0.828459134668166
6,PubID_198,V07,07_01,PubID_198_V07_01_007.fcs,eODGT8Double+,eODKO11-,51.2000007629395,132586.296875,3,353766,8.48018181509812e-06,1,0.0,2,0.828459134668166
7,PubID_198,V07,07_01,PubID_198_V07_01_007.fcs,GT8++noKO,IgD-IgG+,51.2000007629395,132586.296875,4,374172,1.0690270784559e-05,1,0.0,3,0.828459134668166
8,PubID_198,V07,07_01,PubID_198_V07_01_007.fcs,GT8++KO-,GT8++noKO,51.2000007629395,132586.296875,3,4,0.75,1,100.0,2,0.828459134668166
