,PTID,VISIT,Tube Name,name,Population,Parent,Min_Time,Max_Time,Count,ParentCount,proportion,count_diva,proportion_diva,count_diff,correlation
0,PubID_064,V07,07_01,PubID_064_V07_01_006.fcs,Lymphocytes,root,40.5,176119.703125,2646641,3006060,0.880435187587739,2049670,88.2,596971,1
1,PubID_064,V07,07_01,PubID_064_V07_01_006.fcs,Singlets,Lymphocytes,40.5,176119.703125,2642461,2646641,0.998420639595623,2046358,99.8,596103,1
2,PubID_064,V07,07_01,PubID_064_V07_01_006.fcs,Live|Dump-,Singlets,40.5,176119.703125,2509239,2642461,0.949584118743853,1947962,95.2,561277,1
3,PubID_064,V07,07_01,PubID_064_V07_01_006.fcs,CD19+CD20+,Live|Dump-,40.5,176119.703125,1292965,2509239,0.515281724857616,1006398,51.7,286567,1
4,PubID_064,V07,07_01,PubID_064_V07_01_006.fcs,IgD-IgG+,CD19+CD20+,40.5,176119.703125,226712,1292965,0.175342720027224,175622,17.5,51090,1
5,PubID_064,V07,07_01,PubID_064_V07_01_006.fcs,eODKO11-,IgD-IgG+,40.5,176119.703125,225450,226712,0.994433466247927,174638,99.4,50812,1
6,PubID_064,V07,07_01,PubID_064_V07_01_006.fcs,eODGT8Double+,eODKO11-,40.5,176119.703125,137,225450,0.0006076735418052,107,0.1,30,1
7,PubID_064,V07,07_01,PubID_064_V07_01_006.fcs,GT8++noKO,IgD-IgG+,40.5,176119.703125,525,226712,0.0023157133279226,417,0.2,108,1
8,PubID_064,V07,07_01,PubID_064_V07_01_006.fcs,GT8++KO-,GT8++noKO,40.5,176119.703125,138,525,0.262857142857143,108,25.9,30,1
