,PTID,VISIT,Tube Name,name,Population,Parent,Min_Time,Max_Time,Count,ParentCount,proportion,count_diva,proportion_diva,count_diff,correlation
0,PubID_154,V08,08_01,PubID_154_V08_01_007.fcs,Lymphocytes,root,31,239241.5,1296464,1481154,0.87530668654306,1296858,87.6,394,1
1,PubID_154,V08,08_01,PubID_154_V08_01_007.fcs,Singlets,Lymphocytes,31,239241.5,1292431,1296464,0.996889231016056,1292709,99.7,278,1
2,PubID_154,V08,08_01,PubID_154_V08_01_007.fcs,Live|Dump-,Singlets,31,239241.5,1264084,1292431,0.978066914210507,1264832,97.8,748,1
3,PubID_154,V08,08_01,PubID_154_V08_01_007.fcs,CD19+CD20+,Live|Dump-,31,239241.5,1193235,1264084,0.943952300638249,1194057,94.4,822,1
4,PubID_154,V08,08_01,PubID_154_V08_01_007.fcs,IgD-IgG+,CD19+CD20+,31,239241.5,156872,1193235,0.131467816482084,157137,13.2,265,1
5,PubID_154,V08,08_01,PubID_154_V08_01_007.fcs,eODKO11-,IgD-IgG+,31,239241.5,140693,156872,0.896864959967362,141346,90.0,653,1
6,PubID_154,V08,08_01,PubID_154_V08_01_007.fcs,eODGT8Double+,eODKO11-,31,239241.5,350,140693,0.0024876859545251,377,0.3,27,1
7,PubID_154,V08,08_01,PubID_154_V08_01_007.fcs,GT8++noKO,IgD-IgG+,31,239241.5,1349,156872,0.0085993676373094,1379,0.9,30,1
8,PubID_154,V08,08_01,PubID_154_V08_01_007.fcs,GT8++KO-,GT8++noKO,31,239241.5,343,1349,0.254262416604893,373,27.0,30,1
