,PTID,VISIT,Tube Name,name,Population,Parent,Min_Time,Max_Time,Count,ParentCount,proportion,count_diva,proportion_diva,count_diff,correlation
0,PubID_077,V07,07_01,PubID_077_V07_01_006.fcs,Lymphocytes,root,51,187527.90625,4098999,4994635,0.820680390058533,1909401,82.1,2189598,0.979088068244196
1,PubID_077,V07,07_01,PubID_077_V07_01_006.fcs,Singlets,Lymphocytes,51,187527.90625,4023139,4098999,0.981493042569662,1872719,98.1,2150420,0.979088068244196
2,PubID_077,V07,07_01,PubID_077_V07_01_006.fcs,Live|Dump-,Singlets,51,187527.90625,3933416,4023139,0.97769825999052,1833947,97.9,2099469,0.979088068244196
3,PubID_077,V07,07_01,PubID_077_V07_01_006.fcs,CD19+CD20+,Live|Dump-,51,187527.90625,2043985,3933416,0.519646282010344,967743,52.8,1076242,0.979088068244196
4,PubID_077,V07,07_01,PubID_077_V07_01_006.fcs,IgD-IgG+,CD19+CD20+,51,187527.90625,432302,2043985,0.211499595153585,201252,20.8,231050,0.979088068244196
5,PubID_077,V07,07_01,PubID_077_V07_01_006.fcs,eODKO11-,IgD-IgG+,51,187527.90625,425950,432302,0.985306568093601,198375,98.6,227575,0.979088068244196
6,PubID_077,V07,07_01,PubID_077_V07_01_006.fcs,eODGT8Double+,eODKO11-,51,187527.90625,104,425950,0.0002441601126892,43,0.0,61,0.979088068244196
7,PubID_077,V07,07_01,PubID_077_V07_01_006.fcs,GT8++noKO,IgD-IgG+,51,187527.90625,188,432302,0.0004348811710332,81,0.0,107,0.979088068244196
8,PubID_077,V07,07_01,PubID_077_V07_01_006.fcs,GT8++KO-,GT8++noKO,51,187527.90625,103,188,0.547872340425532,42,51.9,61,0.979088068244196
