,PTID,VISIT,Tube Name,name,Population,Parent,Min_Time,Max_Time,Count,ParentCount,proportion,count_diva,proportion_diva,count_diff,correlation
0,PubID_068,V07,07_01,PubID_068_V07_01_006.fcs,Lymphocytes,root,51.9000015258789,144547.90625,2724416,3392473,0.803076693609647,1863351,80.1,861065,1
1,PubID_068,V07,07_01,PubID_068_V07_01_006.fcs,Singlets,Lymphocytes,51.9000015258789,144547.90625,2687919,2724416,0.986603734525124,1837433,98.6,850486,1
2,PubID_068,V07,07_01,PubID_068_V07_01_006.fcs,Live|Dump-,Singlets,51.9000015258789,144547.90625,2598983,2687919,0.966912693425658,1779073,96.8,819910,1
3,PubID_068,V07,07_01,PubID_068_V07_01_006.fcs,CD19+CD20+,Live|Dump-,51.9000015258789,144547.90625,1925909,2598983,0.741024085190246,1332742,74.9,593167,1
4,PubID_068,V07,07_01,PubID_068_V07_01_006.fcs,IgD-IgG+,CD19+CD20+,51.9000015258789,144547.90625,384886,1925909,0.199846410188643,264180,19.8,120706,1
5,PubID_068,V07,07_01,PubID_068_V07_01_006.fcs,eODKO11-,IgD-IgG+,51.9000015258789,144547.90625,379784,384886,0.986744126832361,260871,98.7,118913,1
6,PubID_068,V07,07_01,PubID_068_V07_01_006.fcs,eODGT8Double+,eODKO11-,51.9000015258789,144547.90625,148,379784,0.0003896951951635,98,0.0,50,1
7,PubID_068,V07,07_01,PubID_068_V07_01_006.fcs,GT8++noKO,IgD-IgG+,51.9000015258789,144547.90625,521,384886,0.0013536475735672,363,0.1,158,1
8,PubID_068,V07,07_01,PubID_068_V07_01_006.fcs,GT8++KO-,GT8++noKO,51.9000015258789,144547.90625,149,521,0.285988483685221,98,27.0,51,1
