,PTID,VISIT,Tube Name,name,Population,Parent,Min_Time,Max_Time,Count,ParentCount,proportion,count_diva,proportion_diva,count_diff,correlation
0,PubID_110,V06,06_01,PubID_110_V06_01_006.fcs,Lymphocytes,root,61,133143.40625,2545991,5828716,0.436801346986197,884877,38.1,1661114,1
1,PubID_110,V06,06_01,PubID_110_V06_01_006.fcs,Singlets,Lymphocytes,61,133143.40625,2528131,2545991,0.99298504982932,876230,99.0,1651901,1
2,PubID_110,V06,06_01,PubID_110_V06_01_006.fcs,Live|Dump-,Singlets,61,133143.40625,2364180,2528131,0.935149325727187,816943,93.2,1547237,1
3,PubID_110,V06,06_01,PubID_110_V06_01_006.fcs,CD19+CD20+,Live|Dump-,61,133143.40625,1470631,2364180,0.622046967658977,515392,63.1,955239,1
4,PubID_110,V06,06_01,PubID_110_V06_01_006.fcs,IgD-IgG+,CD19+CD20+,61,133143.40625,126637,1470631,0.0861106559021264,44580,8.6,82057,1
5,PubID_110,V06,06_01,PubID_110_V06_01_006.fcs,eODKO11-,IgD-IgG+,61,133143.40625,118104,126637,0.93261842905312,41316,92.7,76788,1
6,PubID_110,V06,06_01,PubID_110_V06_01_006.fcs,eODGT8Double+,eODKO11-,61,133143.40625,107,118104,0.000905981169139,50,0.1,57,1
7,PubID_110,V06,06_01,PubID_110_V06_01_006.fcs,GT8++noKO,IgD-IgG+,61,133143.40625,242,126637,0.001910973885989,94,0.2,148,1
8,PubID_110,V06,06_01,PubID_110_V06_01_006.fcs,GT8++KO-,GT8++noKO,61,133143.40625,107,242,0.442148760330579,50,53.2,57,1
