,PTID,VISIT,Tube Name,name,Population,Parent,Min_Time,Max_Time,Count,ParentCount,proportion,count_diva,proportion_diva,count_diff,correlation
0,PubID_014,V02,02_01,PubID_014_V02_01_004.fcs,Lymphocytes,root,94.6999969482422,138095.296875,6824597,8253788,0.826844232005959,1864505,82.9,4960092,0.987314496989884
1,PubID_014,V02,02_01,PubID_014_V02_01_004.fcs,Singlets,Lymphocytes,94.6999969482422,138095.296875,6778832,6824597,0.99329410952764,1850989,99.3,4927843,0.987314496989884
2,PubID_014,V02,02_01,PubID_014_V02_01_004.fcs,Live|Dump-,Singlets,94.6999969482422,138095.296875,6603880,6778832,0.974191424127342,1809597,97.8,4794283,0.987314496989884
3,PubID_014,V02,02_01,PubID_014_V02_01_004.fcs,CD19+CD20+,Live|Dump-,94.6999969482422,138095.296875,5311918,6603880,0.804363192547412,1455448,80.4,3856470,0.987314496989884
4,PubID_014,V02,02_01,PubID_014_V02_01_004.fcs,IgD-IgG+,CD19+CD20+,94.6999969482422,138095.296875,940127,5311918,0.176984471522339,266036,18.3,674091,0.987314496989884
5,PubID_014,V02,02_01,PubID_014_V02_01_004.fcs,eODKO11-,IgD-IgG+,94.6999969482422,138095.296875,920814,940127,0.979457030805412,260771,98.0,660043,0.987314496989884
6,PubID_014,V02,02_01,PubID_014_V02_01_004.fcs,eODGT8Double+,eODKO11-,94.6999969482422,138095.296875,0,920814,0.0,0,0.0,0,0.987314496989884
7,PubID_014,V02,02_01,PubID_014_V02_01_004.fcs,GT8++noKO,IgD-IgG+,94.6999969482422,138095.296875,4,940127,4.25474430582251e-06,0,0.0,4,0.987314496989884
8,PubID_014,V02,02_01,PubID_014_V02_01_004.fcs,GT8++KO-,GT8++noKO,94.6999969482422,138095.296875,0,4,0.0,0,0.0,0,0.987314496989884
