,PTID,VISIT,Tube Name,name,Population,Parent,Min_Time,Max_Time,Count,ParentCount,proportion,count_diva,proportion_diva,count_diff,correlation
0,PubID_114,V08,08_01,PubID_114_V08_01_007.fcs,Lymphocytes,root,70.3000030517578,190111.5,2146380,2778810,0.772409772528528,1739308,77.3,407072,0.983333333333333
1,PubID_114,V08,08_01,PubID_114_V08_01_007.fcs,Singlets,Lymphocytes,70.3000030517578,190111.5,2138685,2146380,0.996414893914405,1732836,99.6,405849,0.983333333333333
2,PubID_114,V08,08_01,PubID_114_V08_01_007.fcs,Live|Dump-,Singlets,70.3000030517578,190111.5,2076089,2138685,0.970731547656621,1694101,97.8,381988,0.983333333333333
3,PubID_114,V08,08_01,PubID_114_V08_01_007.fcs,CD19+CD20+,Live|Dump-,70.3000030517578,190111.5,1959478,2076089,0.943831406071705,1589250,93.8,370228,0.983333333333333
4,PubID_114,V08,08_01,PubID_114_V08_01_007.fcs,IgD-IgG+,CD19+CD20+,70.3000030517578,190111.5,78715,1959478,0.040171412998768,66857,4.2,11858,0.983333333333333
5,PubID_114,V08,08_01,PubID_114_V08_01_007.fcs,eODKO11-,IgD-IgG+,70.3000030517578,190111.5,71478,78715,0.908060725401766,59970,89.7,11508,0.983333333333333
6,PubID_114,V08,08_01,PubID_114_V08_01_007.fcs,eODGT8Double+,eODKO11-,70.3000030517578,190111.5,448,71478,0.006267662777358,834,1.4,386,0.983333333333333
7,PubID_114,V08,08_01,PubID_114_V08_01_007.fcs,GT8++noKO,IgD-IgG+,70.3000030517578,190111.5,6023,78715,0.0765165470367783,6954,10.4,931,0.983333333333333
8,PubID_114,V08,08_01,PubID_114_V08_01_007.fcs,GT8++KO-,GT8++noKO,70.3000030517578,190111.5,448,6023,0.074381537439814,838,12.1,390,0.983333333333333
