,PTID,VISIT,Tube Name,name,Population,Parent,Min_Time,Max_Time,Count,ParentCount,proportion,count_diva,proportion_diva,count_diff,correlation
0,PubID_185,V08,08_01,PubID_185_V08_01_007.fcs,Lymphocytes,root,40.5,275620.6875,5119164,7997535,0.640092728571991,1474719,63.4,3644445,0.99582461641931
1,PubID_185,V08,08_01,PubID_185_V08_01_007.fcs,Singlets,Lymphocytes,40.5,275620.6875,5096415,5119164,0.99555611033364,1468896,99.6,3627519,0.99582461641931
2,PubID_185,V08,08_01,PubID_185_V08_01_007.fcs,Live|Dump-,Singlets,40.5,275620.6875,4734366,5096415,0.928960063103181,1366435,93.0,3367931,0.99582461641931
3,PubID_185,V08,08_01,PubID_185_V08_01_007.fcs,CD19+CD20+,Live|Dump-,40.5,275620.6875,3517861,4734366,0.743047960381601,1013807,74.2,2504054,0.99582461641931
4,PubID_185,V08,08_01,PubID_185_V08_01_007.fcs,IgD-IgG+,CD19+CD20+,40.5,275620.6875,706713,3517861,0.20089281526473,198772,19.6,507941,0.99582461641931
5,PubID_185,V08,08_01,PubID_185_V08_01_007.fcs,eODKO11-,IgD-IgG+,40.5,275620.6875,704688,706713,0.997134621833757,198254,99.7,506434,0.99582461641931
6,PubID_185,V08,08_01,PubID_185_V08_01_007.fcs,eODGT8Double+,eODKO11-,40.5,275620.6875,9,704688,1.27716095633812e-05,3,0.0,6,0.99582461641931
7,PubID_185,V08,08_01,PubID_185_V08_01_007.fcs,GT8++noKO,IgD-IgG+,40.5,275620.6875,12,706713,1.69800187629207e-05,4,0.0,8,0.99582461641931
8,PubID_185,V08,08_01,PubID_185_V08_01_007.fcs,GT8++KO-,GT8++noKO,40.5,275620.6875,9,12,0.75,3,75.0,6,0.99582461641931
