,PTID,VISIT,Tube Name,name,Population,Parent,Min_Time,Max_Time,Count,ParentCount,proportion,count_diva,proportion_diva,count_diff,correlation
0,PubID_154,V07,07_01,PubID_154_V07_01_006.fcs,Lymphocytes,root,61,167763.09375,4705178,5152518,0.913180313004244,2055454,91.4,2649724,0.99582461641931
1,PubID_154,V07,07_01,PubID_154_V07_01_006.fcs,Singlets,Lymphocytes,61,167763.09375,4681040,4705178,0.994869907153353,2044127,99.4,2636913,0.99582461641931
2,PubID_154,V07,07_01,PubID_154_V07_01_006.fcs,Live|Dump-,Singlets,61,167763.09375,4648147,4681040,0.992973142720421,2030098,99.3,2618049,0.99582461641931
3,PubID_154,V07,07_01,PubID_154_V07_01_006.fcs,CD19+CD20+,Live|Dump-,61,167763.09375,4492237,4648147,0.96645760127638,1962631,96.7,2529606,0.99582461641931
4,PubID_154,V07,07_01,PubID_154_V07_01_006.fcs,IgD-IgG+,CD19+CD20+,61,167763.09375,514764,4492237,0.114589679930066,225431,11.5,289333,0.99582461641931
5,PubID_154,V07,07_01,PubID_154_V07_01_006.fcs,eODKO11-,IgD-IgG+,61,167763.09375,471265,514764,0.915497198716305,206705,91.7,264560,0.99582461641931
6,PubID_154,V07,07_01,PubID_154_V07_01_006.fcs,eODGT8Double+,eODKO11-,61,167763.09375,82,471265,0.0001739997665856,46,0.0,36,0.99582461641931
7,PubID_154,V07,07_01,PubID_154_V07_01_006.fcs,GT8++noKO,IgD-IgG+,61,167763.09375,156,514764,0.0003030514954425,78,0.0,78,0.99582461641931
8,PubID_154,V07,07_01,PubID_154_V07_01_006.fcs,GT8++KO-,GT8++noKO,61,167763.09375,82,156,0.525641025641026,46,59.0,36,0.99582461641931
