,PTID,VISIT,Tube Name,name,Population,Parent,Min_Time,Max_Time,Count,ParentCount,proportion,count_diva,proportion_diva,count_diff,correlation
0,PubID_036,V07A,07A_01,PubID_036_V07A_01_001.fcs,Lymphocytes,root,40.7000007629395,56100.80078125,70393,111795,0.629661433874502,71243,63.7,850,1
1,PubID_036,V07A,07A_01,PubID_036_V07A_01_001.fcs,Singlets,Lymphocytes,40.7000007629395,56100.80078125,70247,70393,0.997925930135099,71091,99.8,844,1
2,PubID_036,V07A,07A_01,PubID_036_V07A_01_001.fcs,Live|Dump-,Singlets,40.7000007629395,56100.80078125,19141,70247,0.272481387105499,19374,27.3,233,1
3,PubID_036,V07A,07A_01,PubID_036_V07A_01_001.fcs,CD19+CD20+,Live|Dump-,40.7000007629395,56100.80078125,6020,19141,0.31450812392247,6079,31.4,59,1
4,PubID_036,V07A,07A_01,PubID_036_V07A_01_001.fcs,CD27hiCD38hi,CD19+CD20+,40.7000007629395,56100.80078125,39,6020,0.0064784053156146,49,0.8,10,1
5,PubID_036,V07A,07A_01,PubID_036_V07A_01_001.fcs,IgD-,CD27hiCD38hi,40.7000007629395,56100.80078125,38,39,0.974358974358974,48,98.0,10,1
6,PubID_036,V07A,07A_01,PubID_036_V07A_01_001.fcs,eODKO11-,IgD-,40.7000007629395,56100.80078125,36,38,0.947368421052632,46,95.8,10,1
7,PubID_036,V07A,07A_01,PubID_036_V07A_01_001.fcs,eODGT8Double+,eODKO11-,40.7000007629395,56100.80078125,3,36,0.0833333333333333,5,10.9,2,1
8,PubID_036,V07A,07A_01,PubID_036_V07A_01_001.fcs,GT8++noKO,IgD-,40.7000007629395,56100.80078125,3,38,0.0789473684210526,5,10.4,2,1
