,PTID,VISIT,Tube Name,name,Population,Parent,Min_Time,Max_Time,Count,ParentCount,proportion,count_diva,proportion_diva,count_diff,correlation
0,PubID_163,V07,07_01,PubID_163_V07_01_006.fcs,Lymphocytes,root,61.4000015258789,136103.296875,3777001,4527710,0.834196757301152,1944344,83.6,1832657,1
1,PubID_163,V07,07_01,PubID_163_V07_01_006.fcs,Singlets,Lymphocytes,61.4000015258789,136103.296875,3767387,3777001,0.997454594266721,1939604,99.8,1827783,1
2,PubID_163,V07,07_01,PubID_163_V07_01_006.fcs,Live|Dump-,Singlets,61.4000015258789,136103.296875,3686820,3767387,0.97861462069068,1899207,97.9,1787613,1
3,PubID_163,V07,07_01,PubID_163_V07_01_006.fcs,CD19+CD20+,Live|Dump-,61.4000015258789,136103.296875,2832548,3686820,0.768290288107366,1468902,77.3,1363646,1
4,PubID_163,V07,07_01,PubID_163_V07_01_006.fcs,IgD-IgG+,CD19+CD20+,61.4000015258789,136103.296875,576622,2832548,0.203570071892868,296227,20.2,280395,1
5,PubID_163,V07,07_01,PubID_163_V07_01_006.fcs,eODKO11-,IgD-IgG+,61.4000015258789,136103.296875,572718,576622,0.993229533385823,294301,99.3,278417,1
6,PubID_163,V07,07_01,PubID_163_V07_01_006.fcs,eODGT8Double+,eODKO11-,61.4000015258789,136103.296875,104,572718,0.0001815902416197,46,0.0,58,1
7,PubID_163,V07,07_01,PubID_163_V07_01_006.fcs,GT8++noKO,IgD-IgG+,61.4000015258789,136103.296875,410,576622,0.0007110377335585,213,0.1,197,1
8,PubID_163,V07,07_01,PubID_163_V07_01_006.fcs,GT8++KO-,GT8++noKO,61.4000015258789,136103.296875,104,410,0.253658536585366,46,21.6,58,1
