,PTID,VISIT,Tube Name,name,Population,Parent,Min_Time,Max_Time,Count,ParentCount,proportion,count_diva,proportion_diva,count_diff,correlation
0,PubID_079,V07,07_01,PubID_079_V07_01_006.fcs,Lymphocytes,root,93.1999969482422,160055.90625,3718968,4303437,0.864185533563057,1958976,87.1,1759992,1
1,PubID_079,V07,07_01,PubID_079_V07_01_006.fcs,Singlets,Lymphocytes,93.1999969482422,160055.90625,3714147,3718968,0.998703672631762,1956932,99.9,1757215,1
2,PubID_079,V07,07_01,PubID_079_V07_01_006.fcs,Live|Dump-,Singlets,93.1999969482422,160055.90625,3633269,3714147,0.978224340609028,1920053,98.1,1713216,1
3,PubID_079,V07,07_01,PubID_079_V07_01_006.fcs,CD19+CD20+,Live|Dump-,93.1999969482422,160055.90625,3492051,3633269,0.961131972336758,1839619,95.8,1652432,1
4,PubID_079,V07,07_01,PubID_079_V07_01_006.fcs,IgD-IgG+,CD19+CD20+,93.1999969482422,160055.90625,510295,3492051,0.146130454566672,271431,14.8,238864,1
5,PubID_079,V07,07_01,PubID_079_V07_01_006.fcs,eODKO11-,IgD-IgG+,93.1999969482422,160055.90625,505268,510295,0.990148835477518,266916,98.3,238352,1
6,PubID_079,V07,07_01,PubID_079_V07_01_006.fcs,eODGT8Double+,eODKO11-,93.1999969482422,160055.90625,80,505268,0.0001583318159867,42,0.0,38,1
7,PubID_079,V07,07_01,PubID_079_V07_01_006.fcs,GT8++noKO,IgD-IgG+,93.1999969482422,160055.90625,274,510295,0.0005369443165227,154,0.1,120,1
8,PubID_079,V07,07_01,PubID_079_V07_01_006.fcs,GT8++KO-,GT8++noKO,93.1999969482422,160055.90625,82,274,0.299270072992701,43,27.9,39,1
