,PTID,VISIT,Tube Name,name,Population,Parent,Min_Time,Max_Time,Count,ParentCount,proportion,count_diva,proportion_diva,count_diff,correlation
0,PubID_023,V07A,07A_01,PubID_023_V07A_01_001.fcs,Lymphocytes,root,49.5,92248.703125,95290,175353,0.543418133707436,95536,54.5,246,1
1,PubID_023,V07A,07A_01,PubID_023_V07A_01_001.fcs,Singlets,Lymphocytes,49.5,92248.703125,90198,95290,0.946563123097912,90195,94.4,3,1
2,PubID_023,V07A,07A_01,PubID_023_V07A_01_001.fcs,Live|Dump-,Singlets,49.5,92248.703125,30978,90198,0.343444422271004,30961,34.3,17,1
3,PubID_023,V07A,07A_01,PubID_023_V07A_01_001.fcs,CD19+CD20+,Live|Dump-,49.5,92248.703125,11221,30978,0.36222480470011,11217,36.2,4,1
4,PubID_023,V07A,07A_01,PubID_023_V07A_01_001.fcs,CD27hiCD38hi,CD19+CD20+,49.5,92248.703125,143,11221,0.0127439622137064,179,1.6,36,1
5,PubID_023,V07A,07A_01,PubID_023_V07A_01_001.fcs,IgD-,CD27hiCD38hi,49.5,92248.703125,142,143,0.993006993006993,177,98.9,35,1
6,PubID_023,V07A,07A_01,PubID_023_V07A_01_001.fcs,eODKO11-,IgD-,49.5,92248.703125,134,142,0.943661971830986,162,91.5,28,1
7,PubID_023,V07A,07A_01,PubID_023_V07A_01_001.fcs,eODGT8Double+,eODKO11-,49.5,92248.703125,16,134,0.119402985074627,18,11.1,2,1
8,PubID_023,V07A,07A_01,PubID_023_V07A_01_001.fcs,GT8++noKO,IgD-,49.5,92248.703125,23,142,0.161971830985915,33,18.6,10,1
