,PTID,VISIT,Tube Name,name,Population,Parent,Min_Time,Max_Time,Count,ParentCount,proportion,count_diva,proportion_diva,count_diff,correlation
0,PubID_079,V08,08_01,PubID_079_V08_01_007.fcs,Lymphocytes,root,51.5,165142.703125,2441794,2785515,0.876604146809477,1973749,87.7,468045,1
1,PubID_079,V08,08_01,PubID_079_V08_01_007.fcs,Singlets,Lymphocytes,51.5,165142.703125,2436637,2441794,0.997888028228425,1969587,99.8,467050,1
2,PubID_079,V08,08_01,PubID_079_V08_01_007.fcs,Live|Dump-,Singlets,51.5,165142.703125,2366250,2436637,0.971113054591226,1914167,97.2,452083,1
3,PubID_079,V08,08_01,PubID_079_V08_01_007.fcs,CD19+CD20+,Live|Dump-,51.5,165142.703125,2291299,2366250,0.96832498679345,1852763,96.8,438536,1
4,PubID_079,V08,08_01,PubID_079_V08_01_007.fcs,IgD-IgG+,CD19+CD20+,51.5,165142.703125,344371,2291299,0.150295094616634,279747,15.1,64624,1
5,PubID_079,V08,08_01,PubID_079_V08_01_007.fcs,eODKO11-,IgD-IgG+,51.5,165142.703125,335788,344371,0.975076298526879,272620,97.5,63168,1
6,PubID_079,V08,08_01,PubID_079_V08_01_007.fcs,eODGT8Double+,eODKO11-,51.5,165142.703125,512,335788,0.0015247715820696,436,0.2,76,1
7,PubID_079,V08,08_01,PubID_079_V08_01_007.fcs,GT8++noKO,IgD-IgG+,51.5,165142.703125,3877,344371,0.0112582069918779,3319,1.2,558,1
8,PubID_079,V08,08_01,PubID_079_V08_01_007.fcs,GT8++KO-,GT8++noKO,51.5,165142.703125,516,3877,0.1330925973691,438,13.2,78,1
