,PTID,VISIT,Tube Name,name,Population,Parent,Min_Time,Max_Time,Count,ParentCount,proportion,count_diva,proportion_diva,count_diff,correlation
0,PubID_016,V06,06_01,PubID_016_V06_01_005.fcs,Lymphocytes,root,50.7999992370605,33124.3984375,1200591,1541254,0.778970241115352,1201743,78.0,1152,1
1,PubID_016,V06,06_01,PubID_016_V06_01_005.fcs,Singlets,Lymphocytes,50.7999992370605,33124.3984375,1188221,1200591,0.989696741021713,1189007,98.9,786,1
2,PubID_016,V06,06_01,PubID_016_V06_01_005.fcs,Live|Dump-,Singlets,50.7999992370605,33124.3984375,1109560,1188221,0.933799352140721,1113405,93.6,3845,1
3,PubID_016,V06,06_01,PubID_016_V06_01_005.fcs,CD19+CD20+,Live|Dump-,50.7999992370605,33124.3984375,993553,1109560,0.895447745052093,996737,89.5,3184,1
4,PubID_016,V06,06_01,PubID_016_V06_01_005.fcs,IgD-IgG+,CD19+CD20+,50.7999992370605,33124.3984375,51962,993553,0.0522991727668277,52322,5.2,360,1
5,PubID_016,V06,06_01,PubID_016_V06_01_005.fcs,eODKO11-,IgD-IgG+,50.7999992370605,33124.3984375,50495,51962,0.971767830337554,50962,97.4,467,1
6,PubID_016,V06,06_01,PubID_016_V06_01_005.fcs,eODGT8Double+,eODKO11-,50.7999992370605,33124.3984375,0,50495,0.0,0,0.0,0,1
7,PubID_016,V06,06_01,PubID_016_V06_01_005.fcs,GT8++noKO,IgD-IgG+,50.7999992370605,33124.3984375,0,51962,0.0,0,0.0,0,1
8,PubID_016,V06,06_01,PubID_016_V06_01_005.fcs,GT8++KO-,GT8++noKO,50.7999992370605,33124.3984375,0,0,0.0,0,0.0,0,1
