,PTID,VISIT,Tube Name,name,Population,Parent,Min_Time,Max_Time,Count,ParentCount,proportion,count_diva,proportion_diva,count_diff,correlation
0,PubID_028,V07,07_01_Repeat_1,PubID_028_V07_01_Repeat_1_006.fcs,Lymphocytes,root,42,105068.703125,4540437,5037201,0.90138094548937,2095721,90.1,2444716,1
1,PubID_028,V07,07_01_Repeat_1,PubID_028_V07_01_Repeat_1_006.fcs,Singlets,Lymphocytes,42,105068.703125,4410901,4540437,0.971470587522743,2040940,97.4,2369961,1
2,PubID_028,V07,07_01_Repeat_1,PubID_028_V07_01_Repeat_1_006.fcs,Live|Dump-,Singlets,42,105068.703125,4262898,4410901,0.966446084371424,1971780,96.6,2291118,1
3,PubID_028,V07,07_01_Repeat_1,PubID_028_V07_01_Repeat_1_006.fcs,CD19+CD20+,Live|Dump-,42,105068.703125,3527420,4262898,0.827469951192827,1633885,82.9,1893535,1
4,PubID_028,V07,07_01_Repeat_1,PubID_028_V07_01_Repeat_1_006.fcs,IgD-IgG+,CD19+CD20+,42,105068.703125,295672,3527420,0.0838210363381735,135713,8.3,159959,1
5,PubID_028,V07,07_01_Repeat_1,PubID_028_V07_01_Repeat_1_006.fcs,eODKO11-,IgD-IgG+,42,105068.703125,293053,295672,0.991142211639925,134475,99.1,158578,1
6,PubID_028,V07,07_01_Repeat_1,PubID_028_V07_01_Repeat_1_006.fcs,eODGT8Double+,eODKO11-,42,105068.703125,68,293053,0.0002320399381681,33,0.0,35,1
7,PubID_028,V07,07_01_Repeat_1,PubID_028_V07_01_Repeat_1_006.fcs,GT8++noKO,IgD-IgG+,42,105068.703125,211,295672,0.0007136286154928,100,0.1,111,1
8,PubID_028,V07,07_01_Repeat_1,PubID_028_V07_01_Repeat_1_006.fcs,GT8++KO-,GT8++noKO,42,105068.703125,69,211,0.327014218009479,34,34.0,35,1
