,PTID,VISIT,Tube Name,name,Population,Parent,Min_Time,Max_Time,Count,ParentCount,proportion,count_diva,proportion_diva,count_diff,correlation
0,PubID_154,V10,10_01,PubID_154_V10_01_008.fcs,Lymphocytes,root,51.9000015258789,141220.296875,957078,1163050,0.822903572503332,957249,82.3,171,1
1,PubID_154,V10,10_01,PubID_154_V10_01_008.fcs,Singlets,Lymphocytes,51.9000015258789,141220.296875,953218,957078,0.995966890890816,953318,99.6,100,1
2,PubID_154,V10,10_01,PubID_154_V10_01_008.fcs,Live|Dump-,Singlets,51.9000015258789,141220.296875,937461,953218,0.983469678499567,937991,98.4,530,1
3,PubID_154,V10,10_01,PubID_154_V10_01_008.fcs,CD19+CD20+,Live|Dump-,51.9000015258789,141220.296875,916525,937461,0.977667337627912,916783,97.7,258,1
4,PubID_154,V10,10_01,PubID_154_V10_01_008.fcs,IgD-IgG+,CD19+CD20+,51.9000015258789,141220.296875,101651,916525,0.110909140503532,101763,11.1,112,1
5,PubID_154,V10,10_01,PubID_154_V10_01_008.fcs,eODKO11-,IgD-IgG+,51.9000015258789,141220.296875,93547,101651,0.920276239289333,93888,92.3,341,1
6,PubID_154,V10,10_01,PubID_154_V10_01_008.fcs,eODGT8Double+,eODKO11-,51.9000015258789,141220.296875,126,93547,0.001346916523245,132,0.1,6,1
7,PubID_154,V10,10_01,PubID_154_V10_01_008.fcs,GT8++noKO,IgD-IgG+,51.9000015258789,141220.296875,282,101651,0.0027741979911658,290,0.3,8,1
8,PubID_154,V10,10_01,PubID_154_V10_01_008.fcs,GT8++KO-,GT8++noKO,51.9000015258789,141220.296875,126,282,0.446808510638298,132,45.5,6,1
