,PTID,VISIT,Tube Name,name,Population,Parent,Min_Time,Max_Time,Count,ParentCount,proportion,count_diva,proportion_diva,count_diff,correlation
0,PubID_014,V08,08_01,PubID_014_V08_01_007.fcs,Lymphocytes,root,73.4000015258789,152264.203125,2377473,2728012,0.871503864352503,1963765,87.3,413708,1
1,PubID_014,V08,08_01,PubID_014_V08_01_007.fcs,Singlets,Lymphocytes,73.4000015258789,152264.203125,2371345,2377473,0.997422473357216,1958600,99.7,412745,1
2,PubID_014,V08,08_01,PubID_014_V08_01_007.fcs,Live|Dump-,Singlets,73.4000015258789,152264.203125,2323238,2371345,0.979713200736291,1920634,98.1,402604,1
3,PubID_014,V08,08_01,PubID_014_V08_01_007.fcs,CD19+CD20+,Live|Dump-,73.4000015258789,152264.203125,2165390,2323238,0.932056896452279,1789941,93.2,375449,1
4,PubID_014,V08,08_01,PubID_014_V08_01_007.fcs,IgD-IgG+,CD19+CD20+,73.4000015258789,152264.203125,371030,2165390,0.171345577471033,309973,17.3,61057,1
5,PubID_014,V08,08_01,PubID_014_V08_01_007.fcs,eODKO11-,IgD-IgG+,73.4000015258789,152264.203125,360737,371030,0.972258307953535,301426,97.2,59311,1
6,PubID_014,V08,08_01,PubID_014_V08_01_007.fcs,eODGT8Double+,eODKO11-,73.4000015258789,152264.203125,494,360737,0.0013694187177916,437,0.1,57,1
7,PubID_014,V08,08_01,PubID_014_V08_01_007.fcs,GT8++noKO,IgD-IgG+,73.4000015258789,152264.203125,3102,371030,0.0083605099318114,2771,0.9,331,1
8,PubID_014,V08,08_01,PubID_014_V08_01_007.fcs,GT8++KO-,GT8++noKO,73.4000015258789,152264.203125,494,3102,0.159252095422308,436,15.7,58,1
