,PTID,VISIT,Tube Name,name,Population,Parent,Min_Time,Max_Time,Count,ParentCount,proportion,count_diva,proportion_diva,count_diff,correlation
0,PubID_117,V07,07_01,PubID_117_V07_01_006.fcs,Lymphocytes,root,41.5999984741211,201896.59375,3668187,4332638,0.846640545552156,1962349,84.4,1705838,1
1,PubID_117,V07,07_01,PubID_117_V07_01_006.fcs,Singlets,Lymphocytes,41.5999984741211,201896.59375,3663946,3668187,0.998843843021089,1959951,99.9,1703995,1
2,PubID_117,V07,07_01,PubID_117_V07_01_006.fcs,Live|Dump-,Singlets,41.5999984741211,201896.59375,3569744,3663946,0.97428946823998,1911415,97.5,1658329,1
3,PubID_117,V07,07_01,PubID_117_V07_01_006.fcs,CD19+CD20+,Live|Dump-,41.5999984741211,201896.59375,3179946,3569744,0.890805054928309,1702340,89.1,1477606,1
4,PubID_117,V07,07_01,PubID_117_V07_01_006.fcs,IgD-IgG+,CD19+CD20+,41.5999984741211,201896.59375,529747,3179946,0.166589935803941,283983,16.7,245764,1
5,PubID_117,V07,07_01,PubID_117_V07_01_006.fcs,eODKO11-,IgD-IgG+,41.5999984741211,201896.59375,525832,529747,0.992609679715034,281845,99.2,243987,1
6,PubID_117,V07,07_01,PubID_117_V07_01_006.fcs,eODGT8Double+,eODKO11-,41.5999984741211,201896.59375,351,525832,0.0006675135784813,205,0.1,146,1
7,PubID_117,V07,07_01,PubID_117_V07_01_006.fcs,GT8++noKO,IgD-IgG+,41.5999984741211,201896.59375,1409,529747,0.002659760225164,815,0.3,594,1
8,PubID_117,V07,07_01,PubID_117_V07_01_006.fcs,GT8++KO-,GT8++noKO,41.5999984741211,201896.59375,347,1409,0.246273953158268,199,24.4,148,1
