,PTID,VISIT,Tube Name,name,Population,Parent,Min_Time,Max_Time,Count,ParentCount,proportion,count_diva,proportion_diva,count_diff,correlation
0,PubID_001,V07A,07A_01,PubID_001_V07A_01_001.fcs,Lymphocytes,root,69.5999984741211,143892.09375,2757443,3555600,0.775521149735628,2232018,77.6,525425,1
1,PubID_001,V07A,07A_01,PubID_001_V07A_01_001.fcs,Singlets,Lymphocytes,69.5999984741211,143892.09375,2693815,2757443,0.976924998993633,2181107,97.7,512708,1
2,PubID_001,V07A,07A_01,PubID_001_V07A_01_001.fcs,Live|Dump-,Singlets,69.5999984741211,143892.09375,558034,2693815,0.207153794896828,459653,21.1,98381,1
3,PubID_001,V07A,07A_01,PubID_001_V07A_01_001.fcs,CD19+CD20lo,Live|Dump-,69.5999984741211,143892.09375,438299,558034,0.785434220853926,361286,78.6,77013,1
4,PubID_001,V07A,07A_01,PubID_001_V07A_01_001.fcs,CD27hiCD38hi,CD19+CD20lo,69.5999984741211,143892.09375,352,438299,0.0008031047298761,326,0.1,26,1
5,PubID_001,V07A,07A_01,PubID_001_V07A_01_001.fcs,IgD-,CD27hiCD38hi,69.5999984741211,143892.09375,348,352,0.988636363636364,322,98.8,26,1
6,PubID_001,V07A,07A_01,PubID_001_V07A_01_001.fcs,eODKO11-,IgD-,69.5999984741211,143892.09375,348,348,1.0,322,100.0,26,1
7,PubID_001,V07A,07A_01,PubID_001_V07A_01_001.fcs,eODGT8Double+,eODKO11-,69.5999984741211,143892.09375,0,348,0.0,0,0.0,0,1
8,PubID_001,V07A,07A_01,PubID_001_V07A_01_001.fcs,GT8++noKO,IgD-,69.5999984741211,143892.09375,0,348,0.0,0,0.0,0,1
