,PTID,VISIT,Tube Name,name,Population,Parent,Min_Time,Max_Time,Count,ParentCount,proportion,count_diva,proportion_diva,count_diff,correlation
0,PubID_112,V06,06_01,PubID_112_V06_01_005.fcs,Lymphocytes,root,50.7999992370605,192832.40625,2617824,3027518,0.864676609684897,2009903,86.4,607921,0.99582461641931
1,PubID_112,V06,06_01,PubID_112_V06_01_005.fcs,Singlets,Lymphocytes,50.7999992370605,192832.40625,2608357,2617824,0.996383637708265,2002616,99.6,605741,0.99582461641931
2,PubID_112,V06,06_01,PubID_112_V06_01_005.fcs,Live|Dump-,Singlets,50.7999992370605,192832.40625,2486904,2608357,0.953436972009583,1909517,95.4,577387,0.99582461641931
3,PubID_112,V06,06_01,PubID_112_V06_01_005.fcs,CD19+CD20+,Live|Dump-,50.7999992370605,192832.40625,1411512,2486904,0.567578000598334,1089316,57.0,322196,0.99582461641931
4,PubID_112,V06,06_01,PubID_112_V06_01_005.fcs,IgD-IgG+,CD19+CD20+,50.7999992370605,192832.40625,385009,1411512,0.272763533005741,295719,27.1,89290,0.99582461641931
5,PubID_112,V06,06_01,PubID_112_V06_01_005.fcs,eODKO11-,IgD-IgG+,50.7999992370605,192832.40625,380155,385009,0.987392502512928,292342,98.9,87813,0.99582461641931
6,PubID_112,V06,06_01,PubID_112_V06_01_005.fcs,eODGT8Double+,eODKO11-,50.7999992370605,192832.40625,248,380155,0.0006523654825005,179,0.1,69,0.99582461641931
7,PubID_112,V06,06_01,PubID_112_V06_01_005.fcs,GT8++noKO,IgD-IgG+,50.7999992370605,192832.40625,444,385009,0.0011532197948619,343,0.1,101,0.99582461641931
8,PubID_112,V06,06_01,PubID_112_V06_01_005.fcs,GT8++KO-,GT8++noKO,50.7999992370605,192832.40625,248,444,0.558558558558559,181,52.8,67,0.99582461641931
