,PTID,VISIT,Tube Name,name,Population,Parent,Min_Time,Max_Time,Count,ParentCount,proportion,count_diva,proportion_diva,count_diff,correlation
0,PubID_068,V06,06_01,PubID_068_V06_01_005.fcs,Lymphocytes,root,40.7999992370605,240407.09375,2592066,3492859,0.742104390701142,1725883,74.2,866183,1
1,PubID_068,V06,06_01,PubID_068_V06_01_005.fcs,Singlets,Lymphocytes,40.7999992370605,240407.09375,2571761,2592066,0.992166480328819,1711838,99.2,859923,1
2,PubID_068,V06,06_01,PubID_068_V06_01_005.fcs,Live|Dump-,Singlets,40.7999992370605,240407.09375,2504773,2571761,0.97395247847681,1668038,97.4,836735,1
3,PubID_068,V06,06_01,PubID_068_V06_01_005.fcs,CD19+CD20+,Live|Dump-,40.7999992370605,240407.09375,1812829,2504773,0.723749816849671,1229431,73.7,583398,1
4,PubID_068,V06,06_01,PubID_068_V06_01_005.fcs,IgD-IgG+,CD19+CD20+,40.7999992370605,240407.09375,369793,1812829,0.203986697035407,247414,20.1,122379,1
5,PubID_068,V06,06_01,PubID_068_V06_01_005.fcs,eODKO11-,IgD-IgG+,40.7999992370605,240407.09375,364070,369793,0.984523774111462,243881,98.6,120189,1
6,PubID_068,V06,06_01,PubID_068_V06_01_005.fcs,eODGT8Double+,eODKO11-,40.7999992370605,240407.09375,284,364070,0.000780069766803,213,0.1,71,1
7,PubID_068,V06,06_01,PubID_068_V06_01_005.fcs,GT8++noKO,IgD-IgG+,40.7999992370605,240407.09375,833,369793,0.0022526115962173,591,0.2,242,1
8,PubID_068,V06,06_01,PubID_068_V06_01_005.fcs,GT8++KO-,GT8++noKO,40.7999992370605,240407.09375,284,833,0.34093637454982,213,36.0,71,1
