,PTID,VISIT,Tube Name,name,Population,Parent,Min_Time,Max_Time,Count,ParentCount,proportion,count_diva,proportion_diva,count_diff,correlation
0,PubID_185,V07,07_01,PubID_185_V07_01_006.fcs,Lymphocytes,root,60.7999992370605,134790.09375,1805772,2632564,0.685936600211809,1595246,68.6,210526,0.99582461641931
1,PubID_185,V07,07_01,PubID_185_V07_01_006.fcs,Singlets,Lymphocytes,60.7999992370605,134790.09375,1794052,1805772,0.993509701113983,1584542,99.3,209510,0.99582461641931
2,PubID_185,V07,07_01,PubID_185_V07_01_006.fcs,Live|Dump-,Singlets,60.7999992370605,134790.09375,1756189,1794052,0.978895260561009,1553070,98.0,203119,0.99582461641931
3,PubID_185,V07,07_01,PubID_185_V07_01_006.fcs,CD19+CD20+,Live|Dump-,60.7999992370605,134790.09375,1391854,1756189,0.792542260542573,1233293,79.4,158561,0.99582461641931
4,PubID_185,V07,07_01,PubID_185_V07_01_006.fcs,IgD-IgG+,CD19+CD20+,60.7999992370605,134790.09375,236777,1391854,0.170116262194167,209290,17.0,27487,0.99582461641931
5,PubID_185,V07,07_01,PubID_185_V07_01_006.fcs,eODKO11-,IgD-IgG+,60.7999992370605,134790.09375,236291,236777,0.9979474357729,208871,99.8,27420,0.99582461641931
6,PubID_185,V07,07_01,PubID_185_V07_01_006.fcs,eODGT8Double+,eODKO11-,60.7999992370605,134790.09375,4,236291,1.6928279113466e-05,4,0.0,0,0.99582461641931
7,PubID_185,V07,07_01,PubID_185_V07_01_006.fcs,GT8++noKO,IgD-IgG+,60.7999992370605,134790.09375,6,236777,2.5340299099997e-05,6,0.0,0,0.99582461641931
8,PubID_185,V07,07_01,PubID_185_V07_01_006.fcs,GT8++KO-,GT8++noKO,60.7999992370605,134790.09375,4,6,0.666666666666667,4,66.7,0,0.99582461641931
