,PTID,VISIT,Tube Name,name,Population,Parent,Min_Time,Max_Time,Count,ParentCount,proportion,count_diva,proportion_diva,count_diff,correlation
0,PubID_110,V08,08_01,PubID_110_V08_01_008.fcs,Lymphocytes,root,51.2000007629395,114023.1015625,1694811,2133410,0.79441410699303,1696043,79.5,1232,1
1,PubID_110,V08,08_01,PubID_110_V08_01_008.fcs,Singlets,Lymphocytes,51.2000007629395,114023.1015625,1687154,1694811,0.995482092103485,1688102,99.5,948,1
2,PubID_110,V08,08_01,PubID_110_V08_01_008.fcs,Live|Dump-,Singlets,51.2000007629395,114023.1015625,1630256,1687154,0.96627575194677,1631322,96.6,1066,1
3,PubID_110,V08,08_01,PubID_110_V08_01_008.fcs,CD19+CD20+,Live|Dump-,51.2000007629395,114023.1015625,823782,1630256,0.505308368746994,861207,52.8,37425,1
4,PubID_110,V08,08_01,PubID_110_V08_01_008.fcs,IgD-IgG+,CD19+CD20+,51.2000007629395,114023.1015625,87630,823782,0.106375230340066,88112,10.2,482,1
5,PubID_110,V08,08_01,PubID_110_V08_01_008.fcs,eODKO11-,IgD-IgG+,51.2000007629395,114023.1015625,82603,87630,0.942633801209631,83197,94.4,594,1
6,PubID_110,V08,08_01,PubID_110_V08_01_008.fcs,eODGT8Double+,eODKO11-,51.2000007629395,114023.1015625,782,82603,0.0094669685120395,809,1.0,27,1
7,PubID_110,V08,08_01,PubID_110_V08_01_008.fcs,GT8++noKO,IgD-IgG+,51.2000007629395,114023.1015625,3240,87630,0.0369736391646696,3326,3.8,86,1
8,PubID_110,V08,08_01,PubID_110_V08_01_008.fcs,GT8++KO-,GT8++noKO,51.2000007629395,114023.1015625,780,3240,0.240740740740741,806,24.2,26,1
