,PTID,VISIT,Tube Name,name,Population,Parent,Min_Time,Max_Time,Count,ParentCount,proportion,count_diva,proportion_diva,count_diff,correlation
0,PubID_112,V08,08_01,PubID_112_V08_01_007.fcs,Lymphocytes,root,61.2999992370605,110728.5,864327,1006716,0.858560904962273,864741,85.9,414,1
1,PubID_112,V08,08_01,PubID_112_V08_01_007.fcs,Singlets,Lymphocytes,61.2999992370605,110728.5,854255,864327,0.98834700292829,854561,98.8,306,1
2,PubID_112,V08,08_01,PubID_112_V08_01_007.fcs,Live|Dump-,Singlets,61.2999992370605,110728.5,815176,854255,0.954253706445968,815992,95.5,816,1
3,PubID_112,V08,08_01,PubID_112_V08_01_007.fcs,CD19+CD20+,Live|Dump-,61.2999992370605,110728.5,419798,815176,0.514978360501291,422320,51.8,2522,1
4,PubID_112,V08,08_01,PubID_112_V08_01_007.fcs,IgD-IgG+,CD19+CD20+,61.2999992370605,110728.5,156216,419798,0.372121830023011,156528,37.1,312,1
5,PubID_112,V08,08_01,PubID_112_V08_01_007.fcs,eODKO11-,IgD-IgG+,61.2999992370605,110728.5,151444,156216,0.969452552875506,151837,97.0,393,1
6,PubID_112,V08,08_01,PubID_112_V08_01_007.fcs,eODGT8Double+,eODKO11-,61.2999992370605,110728.5,721,151444,0.0047608356884392,728,0.5,7,1
7,PubID_112,V08,08_01,PubID_112_V08_01_007.fcs,GT8++noKO,IgD-IgG+,61.2999992370605,110728.5,3916,156216,0.0250678547651969,3988,2.5,72,1
8,PubID_112,V08,08_01,PubID_112_V08_01_007.fcs,GT8++KO-,GT8++noKO,61.2999992370605,110728.5,723,3916,0.184627170582227,732,18.4,9,1
