,PTID,VISIT,Tube Name,name,Population,Parent,Min_Time,Max_Time,Count,ParentCount,proportion,count_diva,proportion_diva,count_diff,correlation
0,PubID_079,V10,10_01,PubID_079_V10_01_008.fcs,Lymphocytes,root,62.7999992370605,122014,2685567,3168832,0.847494281804779,1916743,85.2,768824,0.95
1,PubID_079,V10,10_01,PubID_079_V10_01_008.fcs,Singlets,Lymphocytes,62.7999992370605,122014,2679863,2685567,0.997876053734649,1912945,99.8,766918,0.95
2,PubID_079,V10,10_01,PubID_079_V10_01_008.fcs,Live|Dump-,Singlets,62.7999992370605,122014,2602235,2679863,0.971032847574671,1862270,97.4,739965,0.95
3,PubID_079,V10,10_01,PubID_079_V10_01_008.fcs,CD19+CD20+,Live|Dump-,62.7999992370605,122014,2519847,2602235,0.96833952352497,1800611,96.7,719236,0.95
4,PubID_079,V10,10_01,PubID_079_V10_01_008.fcs,IgD-IgG+,CD19+CD20+,62.7999992370605,122014,374425,2519847,0.148590370764574,269347,15.0,105078,0.95
5,PubID_079,V10,10_01,PubID_079_V10_01_008.fcs,eODKO11-,IgD-IgG+,62.7999992370605,122014,368643,374425,0.984557655071109,258970,96.1,109673,0.95
6,PubID_079,V10,10_01,PubID_079_V10_01_008.fcs,eODGT8Double+,eODKO11-,62.7999992370605,122014,322,368643,0.0008734737944298,243,0.1,79,0.95
7,PubID_079,V10,10_01,PubID_079_V10_01_008.fcs,GT8++noKO,IgD-IgG+,62.7999992370605,122014,2459,374425,0.0065674033518061,1859,0.7,600,0.95
8,PubID_079,V10,10_01,PubID_079_V10_01_008.fcs,GT8++KO-,GT8++noKO,62.7999992370605,122014,324,2459,0.131760878405856,244,13.1,80,0.95
