,PTID,VISIT,Tube Name,name,Population,Parent,Min_Time,Max_Time,Count,ParentCount,proportion,count_diva,proportion_diva,count_diff,correlation
0,PubID_110,V10,10_01,PubID_110_V10_01_009.fcs,Lymphocytes,root,40.7000007629395,201406.5,3419682,4229655,0.808501402596666,1879929,80.9,1539753,1
1,PubID_110,V10,10_01,PubID_110_V10_01_009.fcs,Singlets,Lymphocytes,40.7000007629395,201406.5,3395975,3419682,0.993067484052611,1866801,99.3,1529174,1
2,PubID_110,V10,10_01,PubID_110_V10_01_009.fcs,Live|Dump-,Singlets,40.7000007629395,201406.5,3316750,3395975,0.976670911888338,1822731,97.6,1494019,1
3,PubID_110,V10,10_01,PubID_110_V10_01_009.fcs,CD19+CD20+,Live|Dump-,40.7000007629395,201406.5,2280332,3316750,0.687520012059998,1281428,70.3,998904,1
4,PubID_110,V10,10_01,PubID_110_V10_01_009.fcs,IgD-IgG+,CD19+CD20+,40.7000007629395,201406.5,173653,2280332,0.0761525076173119,95644,7.5,78009,1
5,PubID_110,V10,10_01,PubID_110_V10_01_009.fcs,eODKO11-,IgD-IgG+,40.7000007629395,201406.5,168194,173653,0.968563744939621,92574,96.8,75620,1
6,PubID_110,V10,10_01,PubID_110_V10_01_009.fcs,eODGT8Double+,eODKO11-,40.7000007629395,201406.5,346,168194,0.0020571482930425,180,0.2,166,1
7,PubID_110,V10,10_01,PubID_110_V10_01_009.fcs,GT8++noKO,IgD-IgG+,40.7000007629395,201406.5,1488,173653,0.0085688125169159,786,0.8,702,1
8,PubID_110,V10,10_01,PubID_110_V10_01_009.fcs,GT8++KO-,GT8++noKO,40.7000007629395,201406.5,346,1488,0.23252688172043,180,22.9,166,1
