,PTID,VISIT,Tube Name,name,Population,Parent,Min_Time,Max_Time,Count,ParentCount,proportion,count_diva,proportion_diva,count_diff,correlation
0,PubID_088,V07A,07A_01,PubID_088_V07A_01_001.fcs,Lymphocytes,root,-18674.90234375,101850.203125,1514041,4114863,0.367944449183363,1075281,37.4,438760,1
1,PubID_088,V07A,07A_01,PubID_088_V07A_01_001.fcs,Singlets,Lymphocytes,-18674.90234375,101850.203125,1461820,1514041,0.965508860063895,1039627,96.7,422193,1
2,PubID_088,V07A,07A_01,PubID_088_V07A_01_001.fcs,Live|Dump-,Singlets,-18674.90234375,101850.203125,317528,1461820,0.217214157693834,227217,21.9,90311,1
3,PubID_088,V07A,07A_01,PubID_088_V07A_01_001.fcs,CD19+CD20+,Live|Dump-,-18674.90234375,101850.203125,192090,317528,0.604954523695548,137704,60.6,54386,1
4,PubID_088,V07A,07A_01,PubID_088_V07A_01_001.fcs,CD27hiCD38hi,CD19+CD20+,-18674.90234375,101850.203125,444,192090,0.0023114165235046,347,0.3,97,1
5,PubID_088,V07A,07A_01,PubID_088_V07A_01_001.fcs,IgD-,CD27hiCD38hi,-18674.90234375,101850.203125,392,444,0.882882882882883,305,87.9,87,1
6,PubID_088,V07A,07A_01,PubID_088_V07A_01_001.fcs,eODKO11-,IgD-,-18674.90234375,101850.203125,392,392,1.0,305,100.0,87,1
7,PubID_088,V07A,07A_01,PubID_088_V07A_01_001.fcs,eODGT8Double+,eODKO11-,-18674.90234375,101850.203125,0,392,0.0,0,0.0,0,1
8,PubID_088,V07A,07A_01,PubID_088_V07A_01_001.fcs,GT8++noKO,IgD-,-18674.90234375,101850.203125,0,392,0.0,0,0.0,0,1
