,PTID,VISIT,Tube Name,name,Population,Parent,Min_Time,Max_Time,Count,ParentCount,proportion,count_diva,proportion_diva,count_diff,correlation
0,PubID_112,V10,10_01,PubID_112_V10_01_008.fcs,Lymphocytes,root,31.1000003814697,164720.203125,2031435,2538413,0.80027757500454,1860417,80.0,171018,1
1,PubID_112,V10,10_01,PubID_112_V10_01_008.fcs,Singlets,Lymphocytes,31.1000003814697,164720.203125,2019430,2031435,0.994090384383453,1849323,99.4,170107,1
2,PubID_112,V10,10_01,PubID_112_V10_01_008.fcs,Live|Dump-,Singlets,31.1000003814697,164720.203125,1897618,2019430,0.939680008715331,1739027,94.0,158591,1
3,PubID_112,V10,10_01,PubID_112_V10_01_008.fcs,CD19+CD20+,Live|Dump-,31.1000003814697,164720.203125,1043251,1897618,0.549768710035423,958616,55.1,84635,1
4,PubID_112,V10,10_01,PubID_112_V10_01_008.fcs,IgD-IgG+,CD19+CD20+,31.1000003814697,164720.203125,284776,1043251,0.272969783877514,261213,27.2,23563,1
5,PubID_112,V10,10_01,PubID_112_V10_01_008.fcs,eODKO11-,IgD-IgG+,31.1000003814697,164720.203125,280327,284776,0.984377194707419,257325,98.5,23002,1
6,PubID_112,V10,10_01,PubID_112_V10_01_008.fcs,eODGT8Double+,eODKO11-,31.1000003814697,164720.203125,474,280327,0.0016908824337291,431,0.2,43,1
7,PubID_112,V10,10_01,PubID_112_V10_01_008.fcs,GT8++noKO,IgD-IgG+,31.1000003814697,164720.203125,2558,284776,0.0089824985251566,2359,0.9,199,1
8,PubID_112,V10,10_01,PubID_112_V10_01_008.fcs,GT8++KO-,GT8++noKO,31.1000003814697,164720.203125,477,2558,0.186473807662236,432,18.3,45,1
