,PTID,VISIT,Tube Name,name,Population,Parent,Min_Time,Max_Time,Count,ParentCount,proportion,count_diva,proportion_diva,count_diff,correlation
0,PubID_152,V07,07_01,PubID_152_V07_01_006.fcs,Lymphocytes,root,50.7000007629395,128955.1015625,4163935,4657439,0.894039621345551,2078140,89.4,2085795,0.99582461641931
1,PubID_152,V07,07_01,PubID_152_V07_01_006.fcs,Singlets,Lymphocytes,50.7000007629395,128955.1015625,4134216,4163935,0.992862760825998,2062633,99.3,2071583,0.99582461641931
2,PubID_152,V07,07_01,PubID_152_V07_01_006.fcs,Live|Dump-,Singlets,50.7000007629395,128955.1015625,4059076,4134216,0.981824849016113,2026286,98.2,2032790,0.99582461641931
3,PubID_152,V07,07_01,PubID_152_V07_01_006.fcs,CD19+CD20+,Live|Dump-,50.7000007629395,128955.1015625,3683257,4059076,0.907412672243634,1853976,91.5,1829281,0.99582461641931
4,PubID_152,V07,07_01,PubID_152_V07_01_006.fcs,IgD-IgG+,CD19+CD20+,50.7000007629395,128955.1015625,296345,3683257,0.0804573235047134,147798,8.0,148547,0.99582461641931
5,PubID_152,V07,07_01,PubID_152_V07_01_006.fcs,eODKO11-,IgD-IgG+,50.7000007629395,128955.1015625,293653,296345,0.99091599318362,146428,99.1,147225,0.99582461641931
6,PubID_152,V07,07_01,PubID_152_V07_01_006.fcs,eODGT8Double+,eODKO11-,50.7000007629395,128955.1015625,3,293653,1.02161394571143e-05,1,0.0,2,0.99582461641931
7,PubID_152,V07,07_01,PubID_152_V07_01_006.fcs,GT8++noKO,IgD-IgG+,50.7000007629395,128955.1015625,3,296345,1.01233359766488e-05,1,0.0,2,0.99582461641931
8,PubID_152,V07,07_01,PubID_152_V07_01_006.fcs,GT8++KO-,GT8++noKO,50.7000007629395,128955.1015625,3,3,1.0,1,100.0,2,0.99582461641931
