,PTID,VISIT,Tube Name,name,Population,Parent,Min_Time,Max_Time,Count,ParentCount,proportion,count_diva,proportion_diva,count_diff,correlation
0,PubID_068,V08,08_01,PubID_068_V08_01_007.fcs,Lymphocytes,root,51.5999984741211,125769.203125,1098491,1241952,0.884487484218392,1099053,88.5,562,1
1,PubID_068,V08,08_01,PubID_068_V08_01_007.fcs,Singlets,Lymphocytes,51.5999984741211,125769.203125,1093453,1098491,0.995413708441853,1093890,99.5,437,1
2,PubID_068,V08,08_01,PubID_068_V08_01_007.fcs,Live|Dump-,Singlets,51.5999984741211,125769.203125,1070345,1093453,0.978866947184744,1071617,98.0,1272,1
3,PubID_068,V08,08_01,PubID_068_V08_01_007.fcs,CD19+CD20+,Live|Dump-,51.5999984741211,125769.203125,700582,1070345,0.654538489926145,716855,66.9,16273,1
4,PubID_068,V08,08_01,PubID_068_V08_01_007.fcs,IgD-IgG+,CD19+CD20+,51.5999984741211,125769.203125,194257,700582,0.277279461933079,195081,27.2,824,1
5,PubID_068,V08,08_01,PubID_068_V08_01_007.fcs,eODKO11-,IgD-IgG+,51.5999984741211,125769.203125,187510,194257,0.965267660882233,188413,96.6,903,1
6,PubID_068,V08,08_01,PubID_068_V08_01_007.fcs,eODGT8Double+,eODKO11-,51.5999984741211,125769.203125,643,187510,0.0034291504453095,669,0.4,26,1
7,PubID_068,V08,08_01,PubID_068_V08_01_007.fcs,GT8++noKO,IgD-IgG+,51.5999984741211,125769.203125,5384,194257,0.0277158609470959,5506,2.8,122,1
8,PubID_068,V08,08_01,PubID_068_V08_01_007.fcs,GT8++KO-,GT8++noKO,51.5999984741211,125769.203125,635,5384,0.117942050520059,661,12.0,26,1
